"analysis_set","analysis_role","removed_rsid","nsnp_remaining","beta","se","ci_lower","ci_upper","pval","OR","OR_ci_lower","OR_ci_upper","full_ivw_beta","full_ivw_pval","absolute_shift","sign_change","nominal_significance_change"
"APOE_included","chen_forward_alternative_hb_gwas_sensitivity_main","rs10052928",379,0.0188137932404482,0.0567335494675269,-0.0923839637159045,0.130011550196801,0.740178697276024,1.01899188777315,0.911755001488952,1.13884153709254,0.0159190391355801,0.779033810895816,0.00289475410486808,FALSE,FALSE
"APOE_included","chen_forward_alternative_hb_gwas_sensitivity_main","rs10111737",379,0.0175270567440183,0.0567753656449279,-0.0937526599200405,0.128806773408077,0.757543025762416,1.01768155692764,0.910507939498498,1.1374703134177,0.0159190391355801,0.779033810895816,0.0016080176084382,FALSE,FALSE
"APOE_included","chen_forward_alternative_hb_gwas_sensitivity_main","rs1016181",379,0.0174633818869586,0.0567999917692278,-0.0938646019807279,0.128791365754645,0.758497868392141,1.01761675826301,0.910406021068064,1.13745278780434,0.0159190391355801,0.779033810895816,0.00154434275137849,FALSE,FALSE
"APOE_included","chen_forward_alternative_hb_gwas_sensitivity_main","rs10164853",379,0.0167457085144762,0.0568065083187952,-0.0945950477903624,0.128086464819315,0.768158099446557,1.01688670381387,0.909741261619842,1.13665127879573,0.0159190391355801,0.779033810895816,0.000826669378896069,FALSE,FALSE
"APOE_included","chen_forward_alternative_hb_gwas_sensitivity_main","rs10224210",379,0.0318492382572886,0.0572535549687064,-0.080367729481376,0.144066205995953,0.578016703125137,1.03236185290015,0.92277695169787,1.15496057130865,0.0159190391355801,0.779033810895816,0.0159301991217085,FALSE,FALSE
"APOE_included","chen_forward_alternative_hb_gwas_sensitivity_main","rs10305919",379,0.0180040835745685,0.0567409813589454,-0.0932082398889644,0.129216407038101,0.75101370167262,1.01816713414272,0.911003773217872,1.13793635495786,0.0159190391355801,0.779033810895816,0.00208504443898841,FALSE,FALSE
"APOE_included","chen_forward_alternative_hb_gwas_sensitivity_main","rs10448576",379,0.0147197600968691,0.0568539640784435,-0.0967140094968801,0.126153529690618,0.795708750240879,1.01482862928575,0.907815595650375,1.13445632764237,0.0159190391355801,0.779033810895816,0.00119927903871097,FALSE,FALSE
"APOE_included","chen_forward_alternative_hb_gwas_sensitivity_main","rs10494964",379,0.0239548636270094,0.0564816493966916,-0.0867491691905062,0.134658896444525,0.671480024190179,1.02424408618416,0.916907055330377,1.14414644536159,0.0159190391355801,0.779033810895816,0.0080358244914293,FALSE,FALSE
"APOE_included","chen_forward_alternative_hb_gwas_sensitivity_main","rs1050162",379,0.015880113698688,0.056840647272018,-0.0955275549544672,0.127287782351843,0.779953573487758,1.01600687279832,0.908893316794658,1.13574381778257,0.0159190391355801,0.779033810895816,0.0000389254368920906,FALSE,FALSE
"APOE_included","chen_forward_alternative_hb_gwas_sensitivity_main","rs1050331",379,0.0132040450907801,0.0566483296653593,-0.0978266810533242,0.124234771234884,0.815693083525111,1.01329160344456,0.906806056805332,1.13228166696252,0.0159190391355801,0.779033810895816,0.00271499404480003,FALSE,FALSE
"APOE_included","chen_forward_alternative_hb_gwas_sensitivity_main","rs10746436",379,0.0175676895397337,0.0568248216372017,-0.0938089608691816,0.128944339948649,0.757203464948127,1.01772290901456,0.910456678480339,1.13762680203727,0.0159190391355801,0.779033810895816,0.00164865040415363,FALSE,FALSE
"APOE_included","chen_forward_alternative_hb_gwas_sensitivity_main","rs10819461",379,0.0153136396389752,0.0568425372328703,-0.0960977333374506,0.126725012615401,0.787618365201533,1.01543149424429,0.908375233187056,1.13510483535042,0.0159190391355801,0.779033810895816,0.000605399496604906,FALSE,FALSE
"APOE_included","chen_forward_alternative_hb_gwas_sensitivity_main","rs10900027",379,0.0178686961420238,0.0568593490090576,-0.0935756279157291,0.129313020199777,0.753322545635359,1.01802929643948,0.910669142812621,1.13804629989787,0.0159190391355801,0.779033810895816,0.00194965700644373,FALSE,FALSE
"APOE_included","chen_forward_alternative_hb_gwas_sensitivity_main","rs10901825",379,0.0129733509708179,0.0566457626617342,-0.0980523438461811,0.123999045787817,0.818848728211814,1.01305786999134,0.906601447505195,1.13201479081635,0.0159190391355801,0.779033810895816,0.00294568816476215,FALSE,FALSE
"APOE_included","chen_forward_alternative_hb_gwas_sensitivity_main","rs10958605",379,0.0145627441371801,0.0568373702375031,-0.0968385015283259,0.125963989802686,0.797782689622746,1.01466929750375,0.907702586877186,1.13424132329376,0.0159190391355801,0.779033810895816,0.00135629499840001,FALSE,FALSE
"APOE_included","chen_forward_alternative_hb_gwas_sensitivity_main","rs10981835",379,0.0191524776887103,0.0568152322917967,-0.0922053776032112,0.130510332980632,0.736040683105654,1.01933706292787,0.911917842810563,1.13940971333123,0.0159190391355801,0.779033810895816,0.0032334385531302,FALSE,FALSE
"APOE_included","chen_forward_alternative_hb_gwas_sensitivity_main","rs11022769",379,0.0209426036778661,0.0564267277769361,-0.0896537827649287,0.131538990120661,0.710528139200691,1.02116343892978,0.914247658780369,1.14058237829996,0.0159190391355801,0.779033810895816,0.00502356454228604,FALSE,FALSE
"APOE_included","chen_forward_alternative_hb_gwas_sensitivity_main","rs11030077",379,0.0155844151623483,0.0568225256099234,-0.0957877350331015,0.126956565357798,0.783881180005553,1.01570648546736,0.90865687162052,1.13536770242057,0.0159190391355801,0.779033810895816,0.000334623973231769,FALSE,FALSE
"APOE_included","chen_forward_alternative_hb_gwas_sensitivity_main","rs11068360",379,0.0178210411922765,0.0568076611419922,-0.0935219746460282,0.129164057030581,0.753742510880551,1.01798078346047,0.910718004500531,1.13787678554036,0.0159190391355801,0.779033810895816,0.00190200205669646,FALSE,FALSE
"APOE_included","chen_forward_alternative_hb_gwas_sensitivity_main","rs11072506",379,0.0171917764022511,0.0568522611950907,-0.0942386555401267,0.128622208344629,0.762351812152187,1.0173404055013,0.910065544137659,1.13726039550949,0.0159190391355801,0.779033810895816,0.00127273726667106,FALSE,FALSE
"APOE_included","chen_forward_alternative_hb_gwas_sensitivity_main","rs11082704",379,0.0137211007431468,0.0567042382317123,-0.0974192061910093,0.124861407677303,0.808798268073483,1.01381566706897,0.907175632769819,1.13299141827291,0.0159190391355801,0.779033810895816,0.0021979383924333,FALSE,FALSE
"APOE_included","chen_forward_alternative_hb_gwas_sensitivity_main","rs11122219",379,0.01685336701419,0.0568331005919636,-0.0945395101460586,0.128246244174439,0.766816657977302,1.01699618620403,0.909791787909481,1.13683290671387,0.0159190391355801,0.779033810895816,0.000934327878609954,FALSE,FALSE
"APOE_included","chen_forward_alternative_hb_gwas_sensitivity_main","rs1117199",379,0.0162615595260434,0.0568367368017476,-0.0951384446053819,0.127661563657469,0.774793862436702,1.01639449830488,0.909247045405706,1.1361684169383,0.0159190391355801,0.779033810895816,0.000342520390463345,FALSE,FALSE
"APOE_included","chen_forward_alternative_hb_gwas_sensitivity_main","rs111979456",379,0.0192373960639989,0.0567049031025125,-0.0919042140169257,0.130379006144923,0.734417982540148,1.01942362705052,0.912192520617902,1.13926008808413,0.0159190391355801,0.779033810895816,0.00331835692841878,FALSE,FALSE
"APOE_included","chen_forward_alternative_hb_gwas_sensitivity_main","rs112137398",379,0.0152201418174638,0.0568240122839519,-0.0961549222590819,0.12659520589401,0.788817083147425,1.01533655804992,0.908323285672459,1.13495750067603,0.0159190391355801,0.779033810895816,0.000698897318116239,FALSE,FALSE
"APOE_included","chen_forward_alternative_hb_gwas_sensitivity_main","rs11258533",379,0.0138264605997916,0.0568206313423257,-0.0975419768311667,0.12519489803075,0.807745725673628,1.01392248816955,0.90706426507313,1.13336932299173,0.0159190391355801,0.779033810895816,0.00209257853578851,FALSE,FALSE
"APOE_included","chen_forward_alternative_hb_gwas_sensitivity_main","rs112744418",379,0.0122168837554245,0.0567718146253866,-0.0990558729103332,0.123489640421182,0.829617031600177,1.01229181470978,0.905692102956178,1.13143828325729,0.0159190391355801,0.779033810895816,0.00370215538015555,FALSE,FALSE
"APOE_included","chen_forward_alternative_hb_gwas_sensitivity_main","rs113569731",379,0.0131230555565868,0.0566997858409203,-0.098008524691617,0.124254635804791,0.816966730400426,1.01320954075275,0.906641174884555,1.13230415947425,0.0159190391355801,0.779033810895816,0.00279598357899328,FALSE,FALSE
"APOE_included","chen_forward_alternative_hb_gwas_sensitivity_main","rs113954230",379,0.0158163732199601,0.0568360244040013,-0.0955822346118824,0.127214981051803,0.780796828755699,1.01594211409776,0.908843620178178,1.13566113716578,0.0159190391355801,0.779033810895816,0.000102665915620026,FALSE,FALSE
"APOE_included","chen_forward_alternative_hb_gwas_sensitivity_main","rs114922507",379,0.0152709570576465,0.056824156156673,-0.0961043890094326,0.126646303124726,0.7881293167324,1.0153881539319,0.908369187359587,1.13501549534297,0.0159190391355801,0.779033810895816,0.000648082077933584,FALSE,FALSE
"APOE_included","chen_forward_alternative_hb_gwas_sensitivity_main","rs115136484",379,0.014257100776556,0.056753709190912,-0.0969801692376315,0.125494370790743,0.801651733229218,1.01435921795903,0.90757400383922,1.13370878705857,0.0159190391355801,0.779033810895816,0.00166193835902412,FALSE,FALSE
"APOE_included","chen_forward_alternative_hb_gwas_sensitivity_main","rs11556924",379,0.0162664899299804,0.0568590990656509,-0.0951773442386953,0.127710324098656,0.774813631805228,1.01639950955267,0.909211676716967,1.13622381836227,0.0159190391355801,0.779033810895816,0.00034745079440035,FALSE,FALSE
"APOE_included","chen_forward_alternative_hb_gwas_sensitivity_main","rs11586657",379,0.0146484555478413,0.0568147379376569,-0.0967084308099661,0.126005341905649,0.796539310373541,1.0147562699678,0.907820660083485,1.13428822752753,0.0159190391355801,0.779033810895816,0.00127058358773877,FALSE,FALSE
"APOE_included","chen_forward_alternative_hb_gwas_sensitivity_main","rs11615482",379,0.0161578441280332,0.0568774054155714,-0.0953218704864866,0.127637558742553,0.776347580710484,1.01628908801138,0.909080281260158,1.13614114363947,0.0159190391355801,0.779033810895816,0.000238804992453153,FALSE,FALSE
"APOE_included","chen_forward_alternative_hb_gwas_sensitivity_main","rs116219813",379,0.020663524091739,0.0564232370650877,-0.089926020555833,0.131253068739311,0.714198192507456,1.02087849282304,0.913998799893337,1.14025630802827,0.0159190391355801,0.779033810895816,0.00474448495615888,FALSE,FALSE
"APOE_included","chen_forward_alternative_hb_gwas_sensitivity_main","rs1169301",379,0.017192616198228,0.0569047897787374,-0.0943407717680974,0.128726004164553,0.762553337988675,1.01734125986004,0.90997261642188,1.1373784445111,0.0159190391355801,0.779033810895816,0.00127357706264793,FALSE,FALSE
"APOE_included","chen_forward_alternative_hb_gwas_sensitivity_main","rs11694902",379,0.0127570324540444,0.0567328079448442,-0.0984392711178503,0.123953336025939,0.822086908947965,1.01283875051616,0.906250726536749,1.13196304787241,0.0159190391355801,0.779033810895816,0.0031620066815357,FALSE,FALSE
"APOE_included","chen_forward_alternative_hb_gwas_sensitivity_main","rs11725455",379,0.015426079059988,0.0568071127666154,-0.0959158619625782,0.126768020082554,0.785966592887452,1.01554567519268,0.90854045566378,1.13515365438413,0.0159190391355801,0.779033810895816,0.00049296007559213,FALSE,FALSE
"APOE_included","chen_forward_alternative_hb_gwas_sensitivity_main","rs11728572",379,0.0147771711600905,0.0568487889437491,-0.0966464551696578,0.126200797489839,0.794911454079561,1.01488689334883,0.907876924593676,1.13450995216364,0.0159190391355801,0.779033810895816,0.00114186797548954,FALSE,FALSE
"APOE_included","chen_forward_alternative_hb_gwas_sensitivity_main","rs11748297",379,0.0161163660418554,0.0569443567605057,-0.0954945732087357,0.127727305292447,0.777161853170521,1.01624693515923,0.90892329417728,1.13624311296294,0.0159190391355801,0.779033810895816,0.000197326906275316,FALSE,FALSE
"APOE_included","chen_forward_alternative_hb_gwas_sensitivity_main","rs1175550",379,0.0157780530913038,0.0569831949170521,-0.0959090089461183,0.127465115128726,0.781864891389856,1.01590318381115,0.908546681927812,1.13594524024648,0.0159190391355801,0.779033810895816,0.000140986044276238,FALSE,FALSE
"APOE_included","chen_forward_alternative_hb_gwas_sensitivity_main","rs117697741",379,0.0151667617477832,0.0568232880806993,-0.0962068828903875,0.126540406385954,0.7895376720888,1.01528236076024,0.908276089847279,1.13489530726743,0.0159190391355801,0.779033810895816,0.0007522773877969,FALSE,FALSE
"APOE_included","chen_forward_alternative_hb_gwas_sensitivity_main","rs11784090",379,0.0138054923877161,0.0567661978450987,-0.0974562553886774,0.12506724016411,0.807851107246319,1.01390122825068,0.907142023263087,1.13322464871645,0.0159190391355801,0.779033810895816,0.00211354674786402,FALSE,FALSE
"APOE_included","chen_forward_alternative_hb_gwas_sensitivity_main","rs11857093",379,0.0153130286633676,0.0568147704476385,-0.0960439214140038,0.126669978740739,0.787525331982996,1.01543087384061,0.908424115920791,1.13504236785211,0.0159190391355801,0.779033810895816,0.000606010472212438,FALSE,FALSE
"APOE_included","chen_forward_alternative_hb_gwas_sensitivity_main","rs12039166",379,0.015862935317399,0.0568296326324992,-0.0955231446422994,0.127249015277097,0.780143981308253,1.01598941959478,0.908897325306752,1.13569978917053,0.0159190391355801,0.779033810895816,0.0000561038181810351,FALSE,FALSE
"APOE_included","chen_forward_alternative_hb_gwas_sensitivity_main","rs12045658",379,0.0183758632456339,0.0566781054698225,-0.0927132234752182,0.129464949966486,0.745775650156985,1.01854573835926,0.911454846673771,1.13821921614195,0.0159190391355801,0.779033810895816,0.00245682411005387,FALSE,FALSE
"APOE_included","chen_forward_alternative_hb_gwas_sensitivity_main","rs12120512",379,0.0168581762975289,0.0568173641432676,-0.0945038574232756,0.128220210018333,0.766689316901355,1.01700107723861,0.909824225042119,1.13680331061377,0.0159190391355801,0.779033810895816,0.000939137161948815,FALSE,FALSE
"APOE_included","chen_forward_alternative_hb_gwas_sensitivity_main","rs12125204",379,0.0182452517768334,0.0566769507691975,-0.0928415717307938,0.129332075284461,0.74751587057136,1.01841271329182,0.911337870541166,1.1380679856731,0.0159190391355801,0.779033810895816,0.00232621264125328,FALSE,FALSE
"APOE_included","chen_forward_alternative_hb_gwas_sensitivity_main","rs12144146",379,0.01656941929288,0.0568283834920251,-0.0948142123514891,0.127953050937249,0.770615852806343,1.01670745344882,0.909541900422753,1.1364996438514,0.0159190391355801,0.779033810895816,0.000650380157299912,FALSE,FALSE
"APOE_included","chen_forward_alternative_hb_gwas_sensitivity_main","rs12156205",379,0.0152161280824981,0.0568220984086877,-0.0961551847985297,0.126587440963526,0.788864513183111,1.01533248276625,0.908323047201797,1.13494868784415,0.0159190391355801,0.779033810895816,0.00070291105308198,FALSE,FALSE
"APOE_included","chen_forward_alternative_hb_gwas_sensitivity_main","rs12330549",379,0.0196204292717581,0.0564807635286956,-0.0910818672444853,0.130322725788002,0.728303972916742,1.01981417494408,0.912942967714659,1.139195971924,0.0159190391355801,0.779033810895816,0.00370139013617806,FALSE,FALSE
"APOE_included","chen_forward_alternative_hb_gwas_sensitivity_main","rs12343333",379,0.0156406344602424,0.0568381680147099,-0.095762174848589,0.127043443769074,0.78317920351741,1.015763589378,0.908680097354643,1.1354663456477,0.0159190391355801,0.779033810895816,0.000278404675337733,FALSE,FALSE
"APOE_included","chen_forward_alternative_hb_gwas_sensitivity_main","rs12370487",379,0.0144064256104188,0.0568105840394637,-0.0969423191069302,0.125755170327768,0.799814640425836,1.01451069829033,0.907608356284004,1.1340044963441,0.0159190391355801,0.779033810895816,0.00151261352516132,FALSE,FALSE
"APOE_included","chen_forward_alternative_hb_gwas_sensitivity_main","rs12402990",379,0.0168840312078144,0.0568160160118969,-0.0944753601755034,0.128243422591132,0.766336513029259,1.01702737205014,0.909850152897923,1.13682969904964,0.0159190391355801,0.779033810895816,0.000964992072234324,FALSE,FALSE
"APOE_included","chen_forward_alternative_hb_gwas_sensitivity_main","rs12525553",379,0.0193663944390764,0.0572631461870441,-0.0928693720875301,0.131602160965683,0.735212496929008,1.01955513952419,0.911312535375423,1.14065443212844,0.0159190391355801,0.779033810895816,0.00344735530349627,FALSE,FALSE
"APOE_included","chen_forward_alternative_hb_gwas_sensitivity_main","rs1256061",379,0.0151028501384568,0.0569519842220364,-0.0965230389367346,0.126728739213648,0.790866432919917,1.01521747450416,0.907988978258145,1.13510906543799,0.0159190391355801,0.779033810895816,0.000816188997123303,FALSE,FALSE
"APOE_included","chen_forward_alternative_hb_gwas_sensitivity_main","rs12788404",379,0.0173636215733702,0.0568055250419178,-0.0939752075087887,0.128702450655529,0.759857569573544,1.01751524555965,0.910305330697913,1.13735165557313,0.0159190391355801,0.779033810895816,0.00144458243779008,FALSE,FALSE
"APOE_included","chen_forward_alternative_hb_gwas_sensitivity_main","rs12811512",379,0.0161867674259219,0.0569134462844954,-0.0953635872916889,0.127737122143533,0.77609600565059,1.01631848286851,0.909042358126173,1.13625426734712,0.0159190391355801,0.779033810895816,0.000267728290341857,FALSE,FALSE
"APOE_included","chen_forward_alternative_hb_gwas_sensitivity_main","rs128494",379,0.0180453554979884,0.0570104113684904,-0.0936950507842529,0.12978576178023,0.751602255004366,1.01820915672588,0.910560394584952,1.13858442889227,0.0159190391355801,0.779033810895816,0.00212631636240829,FALSE,FALSE
"APOE_included","chen_forward_alternative_hb_gwas_sensitivity_main","rs12881869",379,0.0126155725474614,0.0567707406316195,-0.0986550790905129,0.123886224185436,0.824142919496108,1.01269548457456,0.906055171506658,1.13188708229801,0.0159190391355801,0.779033810895816,0.00330346658811867,FALSE,FALSE
"APOE_included","chen_forward_alternative_hb_gwas_sensitivity_main","rs12889267",379,0.0160192302410087,0.0568683876026038,-0.0954428094600948,0.127481269942112,0.778181571712144,1.0161482259935,0.908970344671958,1.13596359137808,0.0159190391355801,0.779033810895816,0.000100191105428641,FALSE,FALSE
"APOE_included","chen_forward_alternative_hb_gwas_sensitivity_main","rs1290784",379,0.0167719600624255,0.0568745523037499,-0.0947021624529242,0.128246082577775,0.768074911489094,1.01691339901433,0.909643820210381,1.13683272300548,0.0159190391355801,0.779033810895816,0.000852920926845451,FALSE,FALSE
"APOE_included","chen_forward_alternative_hb_gwas_sensitivity_main","rs12971201",379,0.0197337008118824,0.0567170761479061,-0.0914317684380136,0.130899170061778,0.727891052821183,1.0199296974089,0.912623583760305,1.13985284422567,0.0159190391355801,0.779033810895816,0.00381466167630231,FALSE,FALSE
"APOE_included","chen_forward_alternative_hb_gwas_sensitivity_main","rs12978075",379,0.0195021102699271,0.0566788395659607,-0.0915884152793558,0.13059263581921,0.730785391567278,1.01969351868696,0.912480635355075,1.13950349384409,0.0159190391355801,0.779033810895816,0.00358307113434704,FALSE,FALSE
"APOE_included","chen_forward_alternative_hb_gwas_sensitivity_main","rs12985",379,0.0126439260006292,0.0567912784240577,-0.0986669797105239,0.123954831711782,0.823816856588661,1.01272419839562,0.906044388952512,1.13196474093478,0.0159190391355801,0.779033810895816,0.00327511313495091,FALSE,FALSE
"APOE_included","chen_forward_alternative_hb_gwas_sensitivity_main","rs12987661",379,0.0164179607802154,0.0568472876108857,-0.0950027229371205,0.127838644497551,0.772728184020149,1.01655347611099,0.909370458306283,1.13636962841087,0.0159190391355801,0.779033810895816,0.000498921644635268,FALSE,FALSE
"APOE_included","chen_forward_alternative_hb_gwas_sensitivity_main","rs13005282",379,0.0122593915841036,0.0566265961888263,-0.0987287369459959,0.123247520114203,0.828601693113081,1.01233484595139,0.905988435883607,1.13116437223387,0.0159190391355801,0.779033810895816,0.00365964755147645,FALSE,FALSE
"APOE_included","chen_forward_alternative_hb_gwas_sensitivity_main","rs13007705",379,0.0210605619897003,0.0565701541093167,-0.0898169400645604,0.131938064043961,0.709676162641031,1.02128390074974,0.914098504769281,1.14103764582117,0.0159190391355801,0.779033810895816,0.00514152285412017,FALSE,FALSE
"APOE_included","chen_forward_alternative_hb_gwas_sensitivity_main","rs13028787",379,0.017363898791826,0.0568176505231172,-0.0939986962334836,0.128726493817136,0.759903527321045,1.01751552763369,0.910283949037726,1.13737900143152,0.0159190391355801,0.779033810895816,0.00144485965624594,FALSE,FALSE
"APOE_included","chen_forward_alternative_hb_gwas_sensitivity_main","rs13033531",379,0.0130860293890684,0.0566327147994302,-0.0979140916178148,0.124086150395952,0.817261683293462,1.01317202618108,0.906726795840196,1.13211339881565,0.0159190391355801,0.779033810895816,0.00283300974651171,FALSE,FALSE
"APOE_included","chen_forward_alternative_hb_gwas_sensitivity_main","rs13052418",379,0.0159292271475117,0.0568358733346954,-0.0954690845884914,0.127327538883515,0.779272566423839,1.01605677362526,0.908946461673209,1.13578897191521,0.0159190391355801,0.779033810895816,0.000010188011931582,FALSE,FALSE
"APOE_included","chen_forward_alternative_hb_gwas_sensitivity_main","rs130595",379,0.00860614556229579,0.0568412414579658,-0.102802687695317,0.120014978819909,0.879654893882466,1.00864328489874,0.902304991795795,1.12751374027815,0.0159190391355801,0.779033810895816,0.0073128935732843,FALSE,FALSE
"APOE_included","chen_forward_alternative_hb_gwas_sensitivity_main","rs130621",379,0.00482978191127366,0.0578299223260214,-0.108516865847728,0.118176429670276,0.933440456604386,1.00484146410784,0.89716376326195,1.1254426553289,0.0159190391355801,0.779033810895816,0.0110892572243064,FALSE,FALSE
"APOE_included","chen_forward_alternative_hb_gwas_sensitivity_main","rs13080281",379,0.0164979700257613,0.0568749828583269,-0.0949769963765595,0.127972936428082,0.771759407503518,1.01663481304148,0.90939385358139,1.13652224392936,0.0159190391355801,0.779033810895816,0.000578930890181229,FALSE,FALSE
"APOE_included","chen_forward_alternative_hb_gwas_sensitivity_main","rs13107325",379,0.0154902143784813,0.0568321364471461,-0.0959007730579251,0.126881201814888,0.785190824001882,1.01561080962669,0.908554164647516,1.13528214031219,0.0159190391355801,0.779033810895816,0.000428824757098741,FALSE,FALSE
"APOE_included","chen_forward_alternative_hb_gwas_sensitivity_main","rs13145825",379,0.0163890663401067,0.056849838861202,-0.0950366178278493,0.127814750508063,0.773127099928347,1.01652410379181,0.909339635816332,1.1363424763313,0.0159190391355801,0.779033810895816,0.000470027204526623,FALSE,FALSE
"APOE_included","chen_forward_alternative_hb_gwas_sensitivity_main","rs13262244",379,0.0170076002152887,0.0568014200847142,-0.0943231831507512,0.128338383581329,0.764618005467454,1.01715305287805,0.909988621722781,1.13693765864944,0.0159190391355801,0.779033810895816,0.00108856107970862,FALSE,FALSE
"APOE_included","chen_forward_alternative_hb_gwas_sensitivity_main","rs13270641",379,0.0168042521195966,0.056931262722106,-0.0947810228157313,0.128389527054924,0.767866013227328,1.01694623777016,0.909572088197137,1.13699580707751,0.0159190391355801,0.779033810895816,0.000885212984016472,FALSE,FALSE
"APOE_included","chen_forward_alternative_hb_gwas_sensitivity_main","rs13306780",379,0.0174760421926939,0.0569042438746287,-0.0940562758015784,0.129008360186966,0.758757240688513,1.01762964168385,0.910231536790049,1.13769963550764,0.0159190391355801,0.779033810895816,0.00155700305711377,FALSE,FALSE
"APOE_included","chen_forward_alternative_hb_gwas_sensitivity_main","rs13389219",379,0.021721009253785,0.0565054790810696,-0.0890297297451113,0.132471748252681,0.700678025483048,1.0219586276941,0.914818375853026,1.14164676211772,0.0159190391355801,0.779033810895816,0.00580197011820493,FALSE,FALSE
"APOE_included","chen_forward_alternative_hb_gwas_sensitivity_main","rs1340817",379,0.0182182313725738,0.0568972752526017,-0.0933004281225255,0.129736890867673,0.748820402377019,1.01838519574037,0.910919793260293,1.13852878659186,0.0159190391355801,0.779033810895816,0.00229919223699368,FALSE,FALSE
"APOE_included","chen_forward_alternative_hb_gwas_sensitivity_main","rs13415550",379,0.0183705485606796,0.0567155086987397,-0.0927918484888501,0.129532945610209,0.746008467123623,1.01854032512393,0.911383186341211,1.13829661272154,0.0159190391355801,0.779033810895816,0.00245150942509953,FALSE,FALSE
"APOE_included","chen_forward_alternative_hb_gwas_sensitivity_main","rs1357531",379,0.0113733252016587,0.0566534985790459,-0.0996675320132712,0.122414182416589,0.840892192774537,1.01143824735821,0.905138297524278,1.13022212298073,0.0159190391355801,0.779033810895816,0.00454571393392139,FALSE,FALSE
"APOE_included","chen_forward_alternative_hb_gwas_sensitivity_main","rs1360200",379,0.0151580478508609,0.0568254583385041,-0.0962198504926072,0.126535946194329,0.789663593689397,1.01527351373295,0.908264311760607,1.13489024542817,0.0159190391355801,0.779033810895816,0.000760991284719195,FALSE,FALSE
"APOE_included","chen_forward_alternative_hb_gwas_sensitivity_main","rs13621",379,0.0135979215796682,0.0568191451665609,-0.0977676029467912,0.124963446106128,0.81085795273517,1.01369079379423,0.906859630772669,1.13310703283557,0.0159190391355801,0.779033810895816,0.00232111755591187,FALSE,FALSE
"APOE_included","chen_forward_alternative_hb_gwas_sensitivity_main","rs1371044",379,0.0181015616490489,0.0569109107012578,-0.0934438233254164,0.129646946623514,0.750433061805877,1.01826638795191,0.910789181096524,1.13842638708589,0.0159190391355801,0.779033810895816,0.00218252251346885,FALSE,FALSE
"APOE_included","chen_forward_alternative_hb_gwas_sensitivity_main","rs1375647",379,0.0190736058819226,0.0567675383244784,-0.0921907692340551,0.1303379809979,0.73687467888445,1.01925666914244,0.911931164540355,1.13921335073022,0.0159190391355801,0.779033810895816,0.00315456674634252,FALSE,FALSE
"APOE_included","chen_forward_alternative_hb_gwas_sensitivity_main","rs138058297",379,0.0166300791806861,0.0568665809094297,-0.0948284194017962,0.128088577763168,0.769950010036182,1.01676912867947,0.909528978607008,1.1366536804786,0.0159190391355801,0.779033810895816,0.000711040045106023,FALSE,FALSE
"APOE_included","chen_forward_alternative_hb_gwas_sensitivity_main","rs139767195",379,0.012113807589354,0.0564904969420135,-0.0986075664169924,0.1228351815957,0.830204152763134,1.01218747692804,0.906098221632918,1.13069804574124,0.0159190391355801,0.779033810895816,0.00380523154622606,FALSE,FALSE
"APOE_included","chen_forward_alternative_hb_gwas_sensitivity_main","rs140869992",379,0.0164006377574567,0.0568042159035203,-0.0949356254134431,0.127736900928357,0.772793978476928,1.01653586648451,0.909431476859215,1.13625401599046,0.0159190391355801,0.779033810895816,0.000481598621876654,FALSE,FALSE
"APOE_included","chen_forward_alternative_hb_gwas_sensitivity_main","rs141494605",379,0.0151730096358362,0.0568079396970061,-0.0961705521702957,0.126516571441968,0.789397467641622,1.01528870415059,0.908309088771099,1.13486825742372,0.0159190391355801,0.779033810895816,0.000746029499743837,FALSE,FALSE
"APOE_included","chen_forward_alternative_hb_gwas_sensitivity_main","rs142552223",379,0.0134068117992753,0.0567596424159627,-0.0978420873360116,0.124655710934562,0.81327496057608,1.01349708607955,0.906792086402494,1.13275838959606,0.0159190391355801,0.779033810895816,0.00251222733630475,FALSE,FALSE
"APOE_included","chen_forward_alternative_hb_gwas_sensitivity_main","rs1426374",379,0.0150032807056625,0.056824842236793,-0.0963734100784519,0.126379971489777,0.791759275315738,1.01511639490836,0.908124849777192,1.13471324506159,0.0159190391355801,0.779033810895816,0.000915758429917625,FALSE,FALSE
"APOE_included","chen_forward_alternative_hb_gwas_sensitivity_main","rs1445562",379,0.013316077770162,0.0566523795019906,-0.0977225860537396,0.124354741594064,0.814170802974576,1.0134051315772,0.906900455694579,1.13241751534953,0.0159190391355801,0.779033810895816,0.00260296136541809,FALSE,FALSE
"APOE_included","chen_forward_alternative_hb_gwas_sensitivity_main","rs14458",379,0.0158987323747897,0.0568688220020202,-0.09556415874917,0.127361623498749,0.77980856211882,1.01602578967731,0.908860048459161,1.13582768550507,0.0159190391355801,0.779033810895816,0.0000203067607904249,FALSE,FALSE
"APOE_included","chen_forward_alternative_hb_gwas_sensitivity_main","rs144703049",379,0.017652653755566,0.0568336530852823,-0.0937413062915873,0.129046613802719,0.756103107035822,1.017809382717,0.910518277126031,1.13774315746477,0.0159190391355801,0.779033810895816,0.00173361461998587,FALSE,FALSE
"APOE_included","chen_forward_alternative_hb_gwas_sensitivity_main","rs1458281",379,0.0179161310678162,0.056732094817077,-0.0932787747736547,0.129111036909287,0.752152504798913,1.01807758772895,0.910939517937922,1.13781645677451,0.0159190391355801,0.779033810895816,0.00199709193223607,FALSE,FALSE
"APOE_included","chen_forward_alternative_hb_gwas_sensitivity_main","rs148462165",379,0.0161834901416637,0.0568541542478244,-0.0952506521840721,0.127617632467399,0.775912905306926,1.01631515210941,0.909145026720051,1.13611850480399,0.0159190391355801,0.779033810895816,0.000264451006083587,FALSE,FALSE
"APOE_included","chen_forward_alternative_hb_gwas_sensitivity_main","rs148661844",379,0.0160851627262243,0.0568219469366732,-0.0952858532696551,0.127456178722104,0.777115431729562,1.01621522538008,0.90911302439142,1.13593508902327,0.0159190391355801,0.779033810895816,0.000166123590644263,FALSE,FALSE
"APOE_included","chen_forward_alternative_hb_gwas_sensitivity_main","rs148967402",379,0.0172683012584979,0.0568129238297726,-0.0940850294478565,0.128621631964852,0.76116580904239,1.01741826030846,0.910205364690682,1.13725974001578,0.0159190391355801,0.779033810895816,0.00134926212291778,FALSE,FALSE
"APOE_included","chen_forward_alternative_hb_gwas_sensitivity_main","rs1532085",379,0.015924684380113,0.0568762407194822,-0.0955527474300721,0.127402116190298,0.779486448502487,1.01605215792616,0.908870419810364,1.13587367915639,0.0159190391355801,0.779033810895816,0.0000056452445329376,FALSE,FALSE
"APOE_included","chen_forward_alternative_hb_gwas_sensitivity_main","rs1535099",379,0.0164250562235144,0.0568434042396523,-0.0949880160862042,0.127838128533233,0.77261755946766,1.01656068903413,0.909383832380386,1.13636904208484,0.0159190391355801,0.779033810895816,0.000506017087934307,FALSE,FALSE
"APOE_included","chen_forward_alternative_hb_gwas_sensitivity_main","rs1597071",379,0.015981344784404,0.0568472496082264,-0.0954392644477198,0.127401954016528,0.778612344703058,1.01610972948321,0.90897356698879,1.13587349494749,0.0159190391355801,0.779033810895816,0.0000623056488239133,FALSE,FALSE
"APOE_included","chen_forward_alternative_hb_gwas_sensitivity_main","rs163790",379,0.0196791211341197,0.056614718067394,-0.0912857262779726,0.130643968546212,0.728142660894523,1.0198740314938,0.912756875012616,1.13956198916721,0.0159190391355801,0.779033810895816,0.0037600819985396,FALSE,FALSE
"APOE_included","chen_forward_alternative_hb_gwas_sensitivity_main","rs165944",379,0.0154433987033491,0.0568561873821624,-0.0959947285656893,0.126881525972387,0.785912581941073,1.01556326423391,0.908468804989713,1.13528250832247,0.0159190391355801,0.779033810895816,0.000475640432230967,FALSE,FALSE
"APOE_included","chen_forward_alternative_hb_gwas_sensitivity_main","rs1678960",379,0.0153353482021253,0.0568428351899873,-0.0960766087702498,0.1267473051745,0.787325610420636,1.01545353804228,0.908394422423395,1.1351301400241,0.0159190391355801,0.779033810895816,0.000583690933454797,FALSE,FALSE
"APOE_included","chen_forward_alternative_hb_gwas_sensitivity_main","rs1679431",379,0.0120932974279515,0.0564554472406005,-0.0985593791636254,0.122745974019528,0.830383628670858,1.01216671701241,0.906141885069502,1.1305971834081,0.0159190391355801,0.779033810895816,0.00382574170762854,FALSE,FALSE
"APOE_included","chen_forward_alternative_hb_gwas_sensitivity_main","rs16942751",379,0.0199009257666733,0.0565643077301486,-0.0909651173844179,0.130766968917764,0.724967013091311,1.02010026936799,0.91304955990058,1.13970216433591,0.0159190391355801,0.779033810895816,0.0039818866310932,FALSE,FALSE
"APOE_included","chen_forward_alternative_hb_gwas_sensitivity_main","rs17045771",379,0.0184113704139599,0.0568501878486244,-0.093014997769344,0.129837738597264,0.746045778838529,1.01858190467631,0.911179834528674,1.13864361042483,0.0159190391355801,0.779033810895816,0.00249233127837984,FALSE,FALSE
"APOE_included","chen_forward_alternative_hb_gwas_sensitivity_main","rs17134531",379,0.013409320875596,0.0567797712701879,-0.0978790308139723,0.124697672565164,0.813305645977854,1.01349962902428,0.906758586967832,1.13280592298245,0.0159190391355801,0.779033810895816,0.00250971825998409,FALSE,FALSE
"APOE_included","chen_forward_alternative_hb_gwas_sensitivity_main","rs17162854",379,0.0148688629494744,0.0568058269629537,-0.0964705578979148,0.126208283796864,0.793515034564051,1.01497995441051,0.908036631713402,1.13451844548525,0.0159190391355801,0.779033810895816,0.00105017618610565,FALSE,FALSE
"APOE_included","chen_forward_alternative_hb_gwas_sensitivity_main","rs1716990",379,0.015913285408324,0.0568666833050067,-0.0955454138694891,0.127371984686137,0.779604137208832,1.01604057604229,0.90887708509109,1.13583945408953,0.0159190391355801,0.779033810895816,0.00000575372725607551,FALSE,FALSE
"APOE_included","chen_forward_alternative_hb_gwas_sensitivity_main","rs17223841",379,0.0192555736881154,0.0569275338296728,-0.0923223926180434,0.130833539994274,0.735176978591754,1.01944215791845,0.911811140973641,1.13977803806136,0.0159190391355801,0.779033810895816,0.00333653455253527,FALSE,FALSE
"APOE_included","chen_forward_alternative_hb_gwas_sensitivity_main","rs17278406",379,0.0124793836877454,0.0569384388805422,-0.0991199565181173,0.124078723893608,0.826515078783519,1.01255757612228,0.905634064798346,1.13210499120407,0.0159190391355801,0.779033810895816,0.00343965544783464,FALSE,FALSE
"APOE_included","chen_forward_alternative_hb_gwas_sensitivity_main","rs1729159",379,0.0166593984602889,0.0568007096084107,-0.0946699923721961,0.127988789292774,0.76929621310619,1.01679894005486,0.909673083996217,1.13654026120552,0.0159190391355801,0.779033810895816,0.000740359324708773,FALSE,FALSE
"APOE_included","chen_forward_alternative_hb_gwas_sensitivity_main","rs17322427",379,0.0157876575879506,0.056850942459625,-0.0956401896329145,0.127215504808816,0.781240623316787,1.01591294109673,0.908790949653331,1.13566173197643,0.0159190391355801,0.779033810895816,0.000131381547629518,FALSE,FALSE
"APOE_included","chen_forward_alternative_hb_gwas_sensitivity_main","rs1739375",379,0.0152110024330529,0.0568250946968847,-0.0961661831728412,0.126588188038947,0.7889448183692,1.01532727854121,0.908313057179865,1.13494953573674,0.0159190391355801,0.779033810895816,0.000708036702527204,FALSE,FALSE
"APOE_included","chen_forward_alternative_hb_gwas_sensitivity_main","rs174213",379,0.0157363174404086,0.0568477478799877,-0.0956852684043673,0.127157903285185,0.781922053185433,1.0158607853153,0.908749983397174,1.13559631801432,0.0159190391355801,0.779033810895816,0.000182721695171445,FALSE,FALSE
"APOE_included","chen_forward_alternative_hb_gwas_sensitivity_main","rs17443062",379,0.0156864221680979,0.0568359620051874,-0.0957120633620694,0.127084907698265,0.782552165564987,1.01581009992927,0.908725633806032,1.13551342751994,0.0159190391355801,0.779033810895816,0.000232616967482231,FALSE,FALSE
"APOE_included","chen_forward_alternative_hb_gwas_sensitivity_main","rs17645325",379,0.015387901055125,0.0568256751136253,-0.0959904221675806,0.126766224277831,0.786551516134772,1.01550690442506,0.90847271722648,1.13515161587166,0.0159190391355801,0.779033810895816,0.000531138080455108,FALSE,FALSE
"APOE_included","chen_forward_alternative_hb_gwas_sensitivity_main","rs17659152",379,0.0165598280773598,0.0568266589190046,-0.0948204234038892,0.127940079558609,0.770738152224636,1.01669770203528,0.909536251227893,1.13648490197981,0.0159190391355801,0.779033810895816,0.00064078894177973,FALSE,FALSE
"APOE_included","chen_forward_alternative_hb_gwas_sensitivity_main","rs17680229",379,0.0188792620022639,0.0567744797317623,-0.0923987182719903,0.130157242276518,0.739488502023006,1.01905860209417,0.911741549047888,1.13900746937176,0.0159190391355801,0.779033810895816,0.00296022286668377,FALSE,FALSE
"APOE_included","chen_forward_alternative_hb_gwas_sensitivity_main","rs1800961",379,0.0109416815106642,0.0569469335945035,-0.100674308334563,0.122557671355891,0.847633950379492,1.01100176063006,0.904227484288369,1.13038430899,0.0159190391355801,0.779033810895816,0.00497735762491592,FALSE,FALSE
"APOE_included","chen_forward_alternative_hb_gwas_sensitivity_main","rs1810587",379,0.0171730448284205,0.056816349056015,-0.0941869993213689,0.12853308897821,0.762457421522764,1.01732134929286,0.910112555896706,1.13715904809966,0.0159190391355801,0.779033810895816,0.00125400569284045,FALSE,FALSE
"APOE_included","chen_forward_alternative_hb_gwas_sensitivity_main","rs181669",379,0.0144021614012221,0.0567848664974236,-0.0968961769337282,0.125700499736172,0.799783925132108,1.01450637221371,0.907650236272189,1.13394250134208,0.0159190391355801,0.779033810895816,0.00151687773435803,FALSE,FALSE
"APOE_included","chen_forward_alternative_hb_gwas_sensitivity_main","rs1830791",379,0.015328036385956,0.0568374152781505,-0.0960732975592189,0.126729370331131,0.787404793695822,1.01544611325982,0.908397430314007,1.13510978182539,0.0159190391355801,0.779033810895816,0.000591002749624078,FALSE,FALSE
"APOE_included","chen_forward_alternative_hb_gwas_sensitivity_main","rs184088518",379,0.00841911015950924,0.0565302712269304,-0.102380221445274,0.119218441764293,0.881608074849417,1.00845465053688,0.902686265734089,1.12661599139589,0.0159190391355801,0.779033810895816,0.00749992897607084,FALSE,FALSE
"APOE_included","chen_forward_alternative_hb_gwas_sensitivity_main","rs1855557",379,0.0147578725274169,0.0568299527057613,-0.0966288347758753,0.126144579830709,0.795106950590287,1.01486730760846,0.907892921883532,1.1344461744626,0.0159190391355801,0.779033810895816,0.00116116660816323,FALSE,FALSE
"APOE_included","chen_forward_alternative_hb_gwas_sensitivity_main","rs1863127",379,0.0123819023206296,0.0565873862767815,-0.0985293747818621,0.123293179423121,0.826797831958073,1.0124588754363,0.90616907370444,1.13121602159651,0.0159190391355801,0.779033810895816,0.00353713681495051,FALSE,FALSE
"APOE_included","chen_forward_alternative_hb_gwas_sensitivity_main","rs190543502",379,0.0142063757722819,0.0567615272603969,-0.0970462176580961,0.12545896920266,0.802369449796627,1.01430776588832,0.907514061989366,1.13366865267749,0.0159190391355801,0.779033810895816,0.00171266336329818,FALSE,FALSE
"APOE_included","chen_forward_alternative_hb_gwas_sensitivity_main","rs1924929",379,0.0182087599573019,0.0566856713164967,-0.0928951558230316,0.129312675737636,0.748041155403629,1.01837555023695,0.91128903863697,1.13804590788408,0.0159190391355801,0.779033810895816,0.00228972082172186,FALSE,FALSE
"APOE_included","chen_forward_alternative_hb_gwas_sensitivity_main","rs193537",379,0.0149677142068184,0.0568107227816111,-0.0963813024451394,0.126316730858776,0.792191150489899,1.01508029141432,0.908117682551163,1.13464148734899,0.0159190391355801,0.779033810895816,0.000951324928761708,FALSE,FALSE
"APOE_included","chen_forward_alternative_hb_gwas_sensitivity_main","rs1962310",379,0.0175873084952676,0.0568020120065125,-0.0937446350374969,0.128919252028032,0.756846336465245,1.01774287587092,0.910515246247085,1.13759826170438,0.0159190391355801,0.779033810895816,0.00166826935968754,FALSE,FALSE
"APOE_included","chen_forward_alternative_hb_gwas_sensitivity_main","rs1968274",379,0.0170367887844348,0.0568308221366604,-0.0943516226034196,0.128425200172289,0.764344368789719,1.01718274255356,0.909962742512442,1.13703636798584,0.0159190391355801,0.779033810895816,0.00111774964885467,FALSE,FALSE
"APOE_included","chen_forward_alternative_hb_gwas_sensitivity_main","rs1972294",379,0.0165701180590843,0.056845077341906,-0.0948462335310515,0.12798646964922,0.770671930094343,1.01670816388988,0.909512776284538,1.13653762484029,0.0159190391355801,0.779033810895816,0.000651078923504238,FALSE,FALSE
"APOE_included","chen_forward_alternative_hb_gwas_sensitivity_main","rs1997595",379,0.0182497813913239,0.0569895269090245,-0.0934496913503641,0.129949254133012,0.748793647892294,1.01841732631925,0.910783836578568,1.13877059395726,0.0159190391355801,0.779033810895816,0.0023307422557438,FALSE,FALSE
"APOE_included","chen_forward_alternative_hb_gwas_sensitivity_main","rs2007471",379,0.0210398128858361,0.0567095644901666,-0.0901109335148904,0.132190559286563,0.710630118134248,1.02126271024385,0.9138298052958,1.1413257887742,0.0159190391355801,0.779033810895816,0.00512077375025603,FALSE,FALSE
"APOE_included","chen_forward_alternative_hb_gwas_sensitivity_main","rs2059427",379,0.0145584610733477,0.0568495514254175,-0.0968666597204705,0.125983581867166,0.797883252430976,1.01466495161968,0.907677027973183,1.13426354564059,0.0159190391355801,0.779033810895816,0.00136057806223236,FALSE,FALSE
"APOE_included","chen_forward_alternative_hb_gwas_sensitivity_main","rs2070895",379,0.0181222993798249,0.0568654698731211,-0.0933340215714925,0.129578620331142,0.749963695085816,1.01828750470508,0.910889192836695,1.13834860528902,0.0159190391355801,0.779033810895816,0.00220326024424486,FALSE,FALSE
"APOE_included","chen_forward_alternative_hb_gwas_sensitivity_main","rs2089247",379,0.015978948006827,0.0568813704530656,-0.0955085380811815,0.127466434094835,0.778774006568173,1.01610729409711,0.908910601268041,1.13594673852074,0.0159190391355801,0.779033810895816,0.0000599088712468707,FALSE,FALSE
"APOE_included","chen_forward_alternative_hb_gwas_sensitivity_main","rs2098839",379,0.0174687238801101,0.0568485068331681,-0.0939543495128993,0.12889179727312,0.758626044244188,1.01762219437929,0.910324318040777,1.13756702965165,0.0159190391355801,0.779033810895816,0.00154968474453003,FALSE,FALSE
"APOE_included","chen_forward_alternative_hb_gwas_sensitivity_main","rs2120833",379,0.0155869168104349,0.0568375139229722,-0.0958146104785906,0.12698844409946,0.783902935072114,1.01570902641072,0.908632451390452,1.13540389709117,0.0159190391355801,0.779033810895816,0.000332122325145161,FALSE,FALSE
"APOE_included","chen_forward_alternative_hb_gwas_sensitivity_main","rs2143921",379,0.0178341467893752,0.0569022892445011,-0.093694340129847,0.129362633708597,0.753963843536994,1.0179941247939,0.910561041678938,1.13810276376869,0.0159190391355801,0.779033810895816,0.00191510765379507,FALSE,FALSE
"APOE_included","chen_forward_alternative_hb_gwas_sensitivity_main","rs2184540",379,0.0182332483962762,0.0567713591865787,-0.0930386156094181,0.12950511240197,0.748081685917665,1.01840048896982,0.91115831468319,1.13826493071578,0.0159190391355801,0.779033810895816,0.00231420926069608,FALSE,FALSE
"APOE_included","chen_forward_alternative_hb_gwas_sensitivity_main","rs218476",379,0.0105273150429764,0.0564268739509865,-0.100069357900957,0.12112398798691,0.852001220223324,1.01058292218398,0.904774662588255,1.12876485697375,0.0159190391355801,0.779033810895816,0.00539172409260372,FALSE,FALSE
"APOE_included","chen_forward_alternative_hb_gwas_sensitivity_main","rs2229357",379,0.0150289592555788,0.0568739747701464,-0.0964440312939082,0.126501949805066,0.791587130668998,1.01514246196006,0.908060719161032,1.13485166391344,0.0159190391355801,0.779033810895816,0.000890079880001286,FALSE,FALSE
"APOE_included","chen_forward_alternative_hb_gwas_sensitivity_main","rs2235365",379,0.0136100229232181,0.0567373685820192,-0.0975952194975396,0.124815265343976,0.810425158604429,1.01370306088901,0.907015971838728,1.13293914061135,0.0159190391355801,0.779033810895816,0.00230901621236199,FALSE,FALSE
"APOE_included","chen_forward_alternative_hb_gwas_sensitivity_main","rs2250734",379,0.0102427767964953,0.0568135301640439,-0.101111742325031,0.121597295918021,0.856926765124296,1.01029541359691,0.903832030950298,1.12929923678604,0.0159190391355801,0.779033810895816,0.00567626233908483,FALSE,FALSE
"APOE_included","chen_forward_alternative_hb_gwas_sensitivity_main","rs2297352",379,0.0170315025582891,0.0568159126670079,-0.0943276862690464,0.128390691385625,0.764355333424262,1.01717736550976,0.909984523945597,1.13699713091741,0.0159190391355801,0.779033810895816,0.00111246342270898,FALSE,FALSE
"APOE_included","chen_forward_alternative_hb_gwas_sensitivity_main","rs2300484",379,0.0158906332893375,0.0568418828002014,-0.0955194569990573,0.127300723577732,0.779816225919367,1.01601756083094,0.908900677002011,1.13575851579497,0.0159190391355801,0.779033810895816,0.00002840584624254,FALSE,FALSE
"APOE_included","chen_forward_alternative_hb_gwas_sensitivity_main","rs2309426",379,0.0176027975796747,0.0567605345293863,-0.0936478500979225,0.128853445257272,0.756466748185181,1.01775863989832,0.910603374674858,1.1375234024995,0.0159190391355801,0.779033810895816,0.00168375844409458,FALSE,FALSE
"APOE_included","chen_forward_alternative_hb_gwas_sensitivity_main","rs2335",379,0.0162822490533802,0.056823972818398,-0.0950927376706798,0.12765723577744,0.774465803025932,1.01641552724418,0.909288605250818,1.13616349974834,0.0159190391355801,0.779033810895816,0.000363209917800113,FALSE,FALSE
"APOE_included","chen_forward_alternative_hb_gwas_sensitivity_main","rs2403966",379,0.0155704046561112,0.0569232193709759,-0.0959991053110017,0.127139914623224,0.784443181957199,1.015692255005,0.90846482886183,1.13557589033977,0.0159190391355801,0.779033810895816,0.000348634479468913,FALSE,FALSE
"APOE_included","chen_forward_alternative_hb_gwas_sensitivity_main","rs241809",379,0.0184597622916286,0.0567216937149809,-0.092714757389734,0.129634281972991,0.744844693561183,1.0186311969599,0.911453448581024,1.13841196940485,0.0159190391355801,0.779033810895816,0.00254072315604847,FALSE,FALSE
"APOE_included","chen_forward_alternative_hb_gwas_sensitivity_main","rs2469076",379,0.015955361593632,0.0568480943630563,-0.0954669033579583,0.127377626545222,0.778966125608589,1.01608332805326,0.908948444297146,1.13584586235375,0.0159190391355801,0.779033810895816,0.0000363224580518934,FALSE,FALSE
"APOE_included","chen_forward_alternative_hb_gwas_sensitivity_main","rs2541113",379,0.0171365452644056,0.0568141226339659,-0.0942191350981676,0.128492225626979,0.762938142093233,1.01728421818479,0.910083309192683,1.13711258091948,0.0159190391355801,0.779033810895816,0.00121750612882555,FALSE,FALSE
"APOE_included","chen_forward_alternative_hb_gwas_sensitivity_main","rs2542404",379,0.0176843337338478,0.0568079263542752,-0.0936592019205315,0.129027869388227,0.75557221590451,1.01784162740689,0.910593037725554,1.13772183133531,0.0159190391355801,0.779033810895816,0.00176529459826776,FALSE,FALSE
"APOE_included","chen_forward_alternative_hb_gwas_sensitivity_main","rs2561566",379,0.0178037590118274,0.05685182441199,-0.0936258168356729,0.129233334859328,0.754158549459242,1.0179631906849,0.910623438458852,1.13795561790408,0.0159190391355801,0.779033810895816,0.00188471987624732,FALSE,FALSE
"APOE_included","chen_forward_alternative_hb_gwas_sensitivity_main","rs2576161",379,0.0149897127364345,0.0568166856597327,-0.0963709911566416,0.126350416629511,0.791914082798573,1.01510262193379,0.908127046462854,1.13467970926577,0.0159190391355801,0.779033810895816,0.000929326399145542,FALSE,FALSE
"APOE_included","chen_forward_alternative_hb_gwas_sensitivity_main","rs2584724",379,0.0211031993244888,0.0565186620029432,-0.0896733782012798,0.131879776850258,0.708862202148674,1.02132744650166,0.914229743874088,1.14097113987713,0.0159190391355801,0.779033810895816,0.00518416018890876,FALSE,FALSE
"APOE_included","chen_forward_alternative_hb_gwas_sensitivity_main","rs258753",379,0.0144729286571119,0.0568116585485072,-0.0968779220979622,0.125823779412186,0.798914038622456,1.01457816858614,0.907666805429418,1.13408230202338,0.0159190391355801,0.779033810895816,0.00144611047846823,FALSE,FALSE
"APOE_included","chen_forward_alternative_hb_gwas_sensitivity_main","rs263423",379,0.0142241127288039,0.0567406138331494,-0.096987490384169,0.125435715841777,0.802056405709759,1.01432575678062,0.907567359381267,1.13364229137769,0.0159190391355801,0.779033810895816,0.00169492640677616,FALSE,FALSE
"APOE_included","chen_forward_alternative_hb_gwas_sensitivity_main","rs2690078",379,0.013954928187388,0.0569368061352482,-0.0976412118376984,0.125551068212474,0.806382851350891,1.01405275271282,0.90697425701091,1.13377306724603,0.0159190391355801,0.779033810895816,0.00196411094819211,FALSE,FALSE
"APOE_included","chen_forward_alternative_hb_gwas_sensitivity_main","rs2748427",379,0.0160579134146208,0.0568630654259446,-0.0953936948202306,0.127509521649472,0.777639730891174,1.01618753459202,0.909014989519433,1.13599568474238,0.0159190391355801,0.779033810895816,0.000138874279040687,FALSE,FALSE
"APOE_included","chen_forward_alternative_hb_gwas_sensitivity_main","rs2800710",379,0.0130397511384744,0.0569352156813811,-0.0985532715970326,0.124632773873981,0.818847255145944,1.01312513943708,0.906147419408308,1.13273240774623,0.0159190391355801,0.779033810895816,0.00287928799710565,FALSE,FALSE
"APOE_included","chen_forward_alternative_hb_gwas_sensitivity_main","rs281380",379,0.0144225562244589,0.0567834503901885,-0.0968730065403106,0.125718118989228,0.799501546823034,1.01452706310283,0.907671267128895,1.13396248073797,0.0159190391355801,0.779033810895816,0.00149648291112117,FALSE,FALSE
"APOE_included","chen_forward_alternative_hb_gwas_sensitivity_main","rs2834287",379,0.0158724524029083,0.0568863558323764,-0.0956248050285494,0.127369709834366,0.780229187590168,1.01599908889897,0.908804931150092,1.13583687022607,0.0159190391355801,0.779033810895816,0.0000465867326718238,FALSE,FALSE
"APOE_included","chen_forward_alternative_hb_gwas_sensitivity_main","rs2835435",379,0.0154195142660113,0.0569795915673765,-0.0962604852060466,0.127099513738069,0.786687399562645,1.01553900836643,0.908227405450415,1.13553001299539,0.0159190391355801,0.779033810895816,0.000499524869568798,FALSE,FALSE
"APOE_included","chen_forward_alternative_hb_gwas_sensitivity_main","rs28412508",379,0.0156364854836295,0.0568200752100482,-0.0957308619280651,0.127003832895324,0.783167984546178,1.01575937500736,0.908708551227798,1.1354213697244,0.0159190391355801,0.779033810895816,0.000282553651950634,FALSE,FALSE
"APOE_included","chen_forward_alternative_hb_gwas_sensitivity_main","rs28485566",379,0.0149932351714721,0.0568252828248776,-0.0963843191652881,0.126370789508232,0.791897073850828,1.01510619757313,0.908114943018385,1.13470282619335,0.0159190391355801,0.779033810895816,0.000925803964108017,FALSE,FALSE
"APOE_included","chen_forward_alternative_hb_gwas_sensitivity_main","rs28500790",379,0.0175464997275497,0.0568968175780587,-0.0939712627254453,0.129064262180545,0.757784384712247,1.01770134388575,0.910308921662301,1.13776323696306,0.0159190391355801,0.779033810895816,0.00162746059196966,FALSE,FALSE
"APOE_included","chen_forward_alternative_hb_gwas_sensitivity_main","rs2859337",379,0.0164096805679872,0.05685114313637,-0.0950185599792981,0.127837921115272,0.772854639170232,1.01654505886731,0.90935605668202,1.13636880638152,0.0159190391355801,0.779033810895816,0.000490641432407079,FALSE,FALSE
"APOE_included","chen_forward_alternative_hb_gwas_sensitivity_main","rs28606370",379,0.0126022018322086,0.0566749593760883,-0.0984807185449244,0.123685122209342,0.824034226423554,1.01268194420212,0.906213165554259,1.1316594804554,0.0159190391355801,0.779033810895816,0.00331683730337146,FALSE,FALSE
"APOE_included","chen_forward_alternative_hb_gwas_sensitivity_main","rs2870238",379,0.0184623235070076,0.056912905866926,-0.0930869719921672,0.130011619006182,0.745638187900475,1.01863380589713,0.911114255428262,1.13884161545552,0.0159190391355801,0.779033810895816,0.00254328437142754,FALSE,FALSE
"APOE_included","chen_forward_alternative_hb_gwas_sensitivity_main","rs290671",379,0.0140987261752063,0.0567707174865367,-0.0971718800984056,0.125369332448818,0.803867452423602,1.01419858194293,0.90740002872272,1.13356703885377,0.0159190391355801,0.779033810895816,0.00182031296037383,FALSE,FALSE
"APOE_included","chen_forward_alternative_hb_gwas_sensitivity_main","rs2943636",379,0.0130104005949573,0.0567383624070131,-0.0981967897227883,0.124217590912703,0.818631725072834,1.01309540409997,0.906470502121864,1.13226221416579,0.0159190391355801,0.779033810895816,0.00290863854062283,FALSE,FALSE
"APOE_included","chen_forward_alternative_hb_gwas_sensitivity_main","rs2946844",379,0.00967569279198821,0.0565601704089856,-0.101182241209623,0.1205336267936,0.86416949703653,1.00972265364488,0.903768314046269,1.12809867466926,0.0159190391355801,0.779033810895816,0.00624334634359187,FALSE,FALSE
"APOE_included","chen_forward_alternative_hb_gwas_sensitivity_main","rs2972343",379,0.0199384580851708,0.0566881025010274,-0.0911702228168429,0.131047138987185,0.725046689809689,1.0201385568147,0.912862307679651,1.1400215195052,0.0159190391355801,0.779033810895816,0.0040194189495907,FALSE,FALSE
"APOE_included","chen_forward_alternative_hb_gwas_sensitivity_main","rs3130408",379,0.0127724460395913,0.0567222940817759,-0.0984032503606894,0.123948142439872,0.82184308958249,1.0128543621132,0.906283370962032,1.13195716894016,0.0159190391355801,0.779033810895816,0.00314659309598879,FALSE,FALSE
"APOE_included","chen_forward_alternative_hb_gwas_sensitivity_main","rs323618",379,0.0157105256034101,0.0568363499461045,-0.0956887202909548,0.127109771497775,0.782227905646404,1.01583458473739,0.90874684650071,1.13554166104914,0.0159190391355801,0.779033810895816,0.000208513532170024,FALSE,FALSE
"APOE_included","chen_forward_alternative_hb_gwas_sensitivity_main","rs332362",379,0.0148387986463874,0.05682875648379,-0.0965455640618409,0.126223161354616,0.794004395835672,1.01494944020423,0.907968525923161,1.1345353244745,0.0159190391355801,0.779033810895816,0.00108024048919264,FALSE,FALSE
"APOE_included","chen_forward_alternative_hb_gwas_sensitivity_main","rs333947",379,0.0154762409310845,0.0568368414442471,-0.0959239682996398,0.126876450161809,0.785397186389727,1.01559661814162,0.908533090758464,1.13527674585813,0.0159190391355801,0.779033810895816,0.000442798204495559,FALSE,FALSE
"APOE_included","chen_forward_alternative_hb_gwas_sensitivity_main","rs339995",379,0.0206546780025952,0.0565834018818451,-0.0902487896858212,0.131558145691012,0.715088500321216,1.02086946208083,0.91370383690092,1.14060422701521,0.0159190391355801,0.779033810895816,0.0047356388670151,FALSE,FALSE
"APOE_included","chen_forward_alternative_hb_gwas_sensitivity_main","rs34130368",379,0.0187264047078365,0.0567639737503127,-0.0925309838427764,0.129983793258449,0.741475925945882,1.01890284345812,0.911620965006228,1.1388099267769,0.0159190391355801,0.779033810895816,0.00280736557225644,FALSE,FALSE
"APOE_included","chen_forward_alternative_hb_gwas_sensitivity_main","rs34579268",379,0.012588188073322,0.0567689591172265,-0.098678971796442,0.123855347943086,0.824513011010389,1.01266775282096,0.906033523655503,1.13185213441768,0.0159190391355801,0.779033810895816,0.0033308510622581,FALSE,FALSE
"APOE_included","chen_forward_alternative_hb_gwas_sensitivity_main","rs34651",379,0.0189262152139574,0.0567993942109916,-0.0924005974395861,0.130253027867501,0.738974586518311,1.01910645129177,0.911739835734323,1.13911657510064,0.0159190391355801,0.779033810895816,0.00300717607837733,FALSE,FALSE
"APOE_included","chen_forward_alternative_hb_gwas_sensitivity_main","rs34761529",379,0.017447611598461,0.056814431571465,-0.0939086742816105,0.128803897478532,0.758768601905815,1.0176007102797,0.910365898264137,1.13746704213792,0.0159190391355801,0.779033810895816,0.00152857246288091,FALSE,FALSE
"APOE_included","chen_forward_alternative_hb_gwas_sensitivity_main","rs34880730",379,0.016447226698105,0.0568277997575881,-0.0949352608267677,0.127829714222978,0.772258310187124,1.01658322691689,0.909431808425874,1.13635948036339,0.0159190391355801,0.779033810895816,0.000528187562524905,FALSE,FALSE
"APOE_included","chen_forward_alternative_hb_gwas_sensitivity_main","rs34952318",379,0.0172835174822157,0.0568547121749602,-0.0941517183807063,0.128718753345138,0.761132112423525,1.01743374169011,0.910144666090222,1.13737019761528,0.0159190391355801,0.779033810895816,0.00136447834663557,FALSE,FALSE
"APOE_included","chen_forward_alternative_hb_gwas_sensitivity_main","rs35182026",379,0.0152299711390181,0.0568830264095098,-0.096260760623621,0.126720702901657,0.788897974071866,1.01534653816848,0.908227155308661,1.13509994338405,0.0159190391355801,0.779033810895816,0.00068906799656194,FALSE,FALSE
"APOE_included","chen_forward_alternative_hb_gwas_sensitivity_main","rs35240997",379,0.0175404922042121,0.0569430704765056,-0.0940679259297388,0.129148910338163,0.758055252666351,1.01769523003954,0.91022093253776,1.13785955060121,0.0159190391355801,0.779033810895816,0.00162145306863199,FALSE,FALSE
"APOE_included","chen_forward_alternative_hb_gwas_sensitivity_main","rs35277578",379,0.0169815281173566,0.0568844155830321,-0.0945119264253863,0.1284749826601,0.765301049996552,1.01712653390974,0.909816883698145,1.13709297389395,0.0159190391355801,0.779033810895816,0.00106248898177654,FALSE,FALSE
"APOE_included","chen_forward_alternative_hb_gwas_sensitivity_main","rs35593442",379,0.0154713529883319,0.0568655997433038,-0.0959852225085435,0.126927928485207,0.785569152674868,1.01559165397562,0.908477440987135,1.13533518950587,0.0159190391355801,0.779033810895816,0.000447686147248175,FALSE,FALSE
"APOE_included","chen_forward_alternative_hb_gwas_sensitivity_main","rs35659097",379,0.0144109820988641,0.0567711160873357,-0.0968604054323138,0.125682369630042,0.799616420883787,1.01451532090714,0.907682704864621,1.13392194303055,0.0159190391355801,0.779033810895816,0.00150805703671594,FALSE,FALSE
"APOE_included","chen_forward_alternative_hb_gwas_sensitivity_main","rs35686037",379,0.0156217464967171,0.0568408880654284,-0.0957863941115225,0.127029887104957,0.783444615195092,1.01574440385356,0.908658090058944,1.13545095261617,0.0159190391355801,0.779033810895816,0.000297292638862939,FALSE,FALSE
"APOE_included","chen_forward_alternative_hb_gwas_sensitivity_main","rs35925839",379,0.0182717014424921,0.0567761815977722,-0.0930096144891416,0.129553017374126,0.747589186238047,1.01843965032382,0.911184739678241,1.13831946057171,0.0159190391355801,0.779033810895816,0.00235266230691197,FALSE,FALSE
"APOE_included","chen_forward_alternative_hb_gwas_sensitivity_main","rs36065733",379,0.0183392248152939,0.0569923918408964,-0.093365863192863,0.130044312823451,0.747616535716595,1.0185084211258,0.910860189109672,1.13887884914385,0.0159190391355801,0.779033810895816,0.0024201856797138,FALSE,FALSE
"APOE_included","chen_forward_alternative_hb_gwas_sensitivity_main","rs369062552",379,0.012269863687759,0.0569705865460353,-0.0993924859424702,0.123932213317988,0.829477373489172,1.01234544728234,0.905387286496693,1.13193913800006,0.0159190391355801,0.779033810895816,0.00364917544782112,FALSE,FALSE
"APOE_included","chen_forward_alternative_hb_gwas_sensitivity_main","rs3733606",379,0.015730688299795,0.0568259403377119,-0.0956481547621204,0.12710953136171,0.781916546379096,1.01585506690819,0.908783711044824,1.13554138836467,0.0159190391355801,0.779033810895816,0.000188350835785105,FALSE,FALSE
"APOE_included","chen_forward_alternative_hb_gwas_sensitivity_main","rs3742943",379,0.0163115565369532,0.0568263957804543,-0.0950681791927372,0.127691292266644,0.774080239001736,1.01644531626206,0.90931093626918,1.1362021941472,0.0159190391355801,0.779033810895816,0.000392517401373121,FALSE,FALSE
"APOE_included","chen_forward_alternative_hb_gwas_sensitivity_main","rs3748301",379,0.0174620832059859,0.056812964624383,-0.0938913274578048,0.128815493869776,0.758568695756805,1.01761543670435,0.910381690357944,1.13748023272725,0.0159190391355801,0.779033810895816,0.00154304407040577,FALSE,FALSE
"APOE_included","chen_forward_alternative_hb_gwas_sensitivity_main","rs3760047",379,0.0208611478680598,0.056716669583266,-0.0903035245151416,0.132025820251261,0.713012418823399,1.02108026262256,0.913653826846016,1.14113778335114,0.0159190391355801,0.779033810895816,0.00494210873247975,FALSE,FALSE
"APOE_included","chen_forward_alternative_hb_gwas_sensitivity_main","rs3767844",379,0.00949858346351375,0.0569218152905636,-0.102068174505991,0.121065341433018,0.867471783718794,1.00954383817916,0.902967990173783,1.12869866074584,0.0159190391355801,0.779033810895816,0.00642045567206634,FALSE,FALSE
"APOE_included","chen_forward_alternative_hb_gwas_sensitivity_main","rs3772219",379,0.0214416100947866,0.056793796222797,-0.0898742305018956,0.132757450691469,0.705776527028268,1.02167313319831,0.914046137166271,1.14197297998029,0.0159190391355801,0.779033810895816,0.00552257095920653,FALSE,FALSE
"APOE_included","chen_forward_alternative_hb_gwas_sensitivity_main","rs3780908",379,0.0177479296783167,0.0567857817174525,-0.0935522024878902,0.129048061844524,0.754628811158589,1.01790636006485,0.910690475876778,1.13774480496561,0.0159190391355801,0.779033810895816,0.00182889054273666,FALSE,FALSE
"APOE_included","chen_forward_alternative_hb_gwas_sensitivity_main","rs3785884",379,0.0212068684109397,0.0568931229845617,-0.0903036526388011,0.132717389460681,0.709335084253341,1.02143333207344,0.913653709785352,1.14192723205355,0.0159190391355801,0.779033810895816,0.00528782927535966,FALSE,FALSE
"APOE_included","chen_forward_alternative_hb_gwas_sensitivity_main","rs3791020",379,0.0147337462702733,0.0568160612317249,-0.0966257337439074,0.126093226284454,0.795385561935157,1.01484282295419,0.907895737292871,1.13438791812435,0.0159190391355801,0.779033810895816,0.00118529286530676,FALSE,FALSE
"APOE_included","chen_forward_alternative_hb_gwas_sensitivity_main","rs3807997",379,0.0134128998542275,0.0567150567919245,-0.0977486114579445,0.124574411166399,0.813047594881486,1.01350325632429,0.906876853550775,1.13266630034507,0.0159190391355801,0.779033810895816,0.00250613928135262,FALSE,FALSE
"APOE_included","chen_forward_alternative_hb_gwas_sensitivity_main","rs3809627",379,0.0125549675268963,0.0567990445077583,-0.0987711597083099,0.123881094762103,0.825059824592134,1.01263411200365,0.90595000216677,1.13188127638489,0.0159190391355801,0.779033810895816,0.00336407160868378,FALSE,FALSE
"APOE_included","chen_forward_alternative_hb_gwas_sensitivity_main","rs3811444",379,0.0149836276081603,0.0569078968732859,-0.0965558502634802,0.126523105479801,0.792322361331009,1.01509644492292,0.907959186423856,1.13487567272007,0.0159190391355801,0.779033810895816,0.000935411527419784,FALSE,FALSE
"APOE_included","chen_forward_alternative_hb_gwas_sensitivity_main","rs3814570",379,0.0160713994735636,0.0568381000446988,-0.095331276614046,0.127474075561173,0.777362729982121,1.01620123904942,0.909071730375286,1.13595541885267,0.0159190391355801,0.779033810895816,0.000152360337983489,FALSE,FALSE
"APOE_included","chen_forward_alternative_hb_gwas_sensitivity_main","rs3817996",379,0.0168074390233531,0.0568332732613888,-0.094585776568969,0.128200654615675,0.767434468876637,1.01694947868511,0.909749696071589,1.13678108018465,0.0159190391355801,0.779033810895816,0.000888399887772982,FALSE,FALSE
"APOE_included","chen_forward_alternative_hb_gwas_sensitivity_main","rs3824200",379,0.0159976852463046,0.0568894908119004,-0.0955057167450202,0.127501087237629,0.778552145536915,1.01612633332119,0.908913165614006,1.13598610332733,0.0159190391355801,0.779033810895816,0.0000786461107244729,FALSE,FALSE
"APOE_included","chen_forward_alternative_hb_gwas_sensitivity_main","rs3852500",379,0.0182158578946155,0.0566890456451396,-0.0928946715698582,0.129326387359089,0.7479607671719,1.01838277862842,0.911289479931686,1.13806151244574,0.0159190391355801,0.779033810895816,0.00229681875903541,FALSE,FALSE
"APOE_included","chen_forward_alternative_hb_gwas_sensitivity_main","rs3859158",379,0.0140337693951629,0.0567814907065759,-0.0972579523897259,0.125325491180052,0.80478908679703,1.01413270500832,0.907321930084216,1.13351734292593,0.0159190391355801,0.779033810895816,0.00188526974041716,FALSE,FALSE
"APOE_included","chen_forward_alternative_hb_gwas_sensitivity_main","rs3916222",379,0.012043682931034,0.056662373756464,-0.0990145696316355,0.123101935493704,0.831676661196672,1.01211650011571,0.905729511782069,1.13099970408488,0.0159190391355801,0.779033810895816,0.00387535620454606,FALSE,FALSE
"APOE_included","chen_forward_alternative_hb_gwas_sensitivity_main","rs4072932",379,0.0175352149751254,0.0567824719743338,-0.0937584300945687,0.12882886004482,0.75746311701129,1.01768985944284,0.910502685723935,1.13749543658876,0.0159190391355801,0.779033810895816,0.00161617583954536,FALSE,FALSE
"APOE_included","chen_forward_alternative_hb_gwas_sensitivity_main","rs41268045",379,0.015401361921805,0.056838119870756,-0.0960013530248768,0.126804076868487,0.786414964053042,1.01552057412011,0.908462786895124,1.13519458511435,0.0159190391355801,0.779033810895816,0.00051767721377504,FALSE,FALSE
"APOE_included","chen_forward_alternative_hb_gwas_sensitivity_main","rs41278174",379,0.0199129675288609,0.0567601862196384,-0.0913369974616304,0.131162932519352,0.725718646545505,1.0201125532468,0.912710078086919,1.14015353426677,0.0159190391355801,0.779033810895816,0.00399392839328085,FALSE,FALSE
"APOE_included","chen_forward_alternative_hb_gwas_sensitivity_main","rs4148886",379,0.0157043515907231,0.0568361732177923,-0.0956945479161498,0.127103251097596,0.782310670864967,1.01582831298114,0.908741550680122,1.13553425688723,0.0159190391355801,0.779033810895816,0.000214687544856977,FALSE,FALSE
"APOE_included","chen_forward_alternative_hb_gwas_sensitivity_main","rs4240624",379,0.0158061171675072,0.0569045695153225,-0.0957268390825249,0.127339073417539,0.781192498294526,1.01593169459558,0.908712206829293,1.13580207278731,0.0159190391355801,0.779033810895816,0.000112921968072905,FALSE,FALSE
"APOE_included","chen_forward_alternative_hb_gwas_sensitivity_main","rs4242906",379,0.0148429559658996,0.0568438316931872,-0.0965709541527472,0.126256866084547,0.794001398196056,1.01495365968211,0.90794547281241,1.13457356432564,0.0159190391355801,0.779033810895816,0.00107608316968044,FALSE,FALSE
"APOE_included","chen_forward_alternative_hb_gwas_sensitivity_main","rs4456287",379,0.0185588034870397,0.0567510061568196,-0.0926731685803268,0.129790775554406,0.743651566154667,1.01873208840746,0.911491355633029,1.13859013751179,0.0159190391355801,0.779033810895816,0.0026397643514596,FALSE,FALSE
"APOE_included","chen_forward_alternative_hb_gwas_sensitivity_main","rs446001",379,0.0161006224286502,0.0568622687199838,-0.0953494242625181,0.127550669119819,0.777060897038742,1.0162309358865,0.909055233010782,1.13604242905283,0.0159190391355801,0.779033810895816,0.00018158329307014,FALSE,FALSE
"APOE_included","chen_forward_alternative_hb_gwas_sensitivity_main","rs4463178",379,0.0165214282736284,0.0568297150334119,-0.0948648131918588,0.127907669739116,0.771266907292821,1.01665866179264,0.909495878002637,1.13644806930615,0.0159190391355801,0.779033810895816,0.000602389138048342,FALSE,FALSE
"APOE_included","chen_forward_alternative_hb_gwas_sensitivity_main","rs459193",379,0.0102994355529907,0.0565717911950494,-0.100581275189306,0.121180146295287,0.855535982790834,1.0103526573004,0.904311611328501,1.12882824827863,0.0159190391355801,0.779033810895816,0.00561960358258939,FALSE,FALSE
"APOE_included","chen_forward_alternative_hb_gwas_sensitivity_main","rs4601530",379,0.0146101042693737,0.0568494004370572,-0.0968147205872585,0.126034929126006,0.797181375417104,1.01471735351377,0.907724173155582,1.13432178845975,0.0159190391355801,0.779033810895816,0.00130893486620638,FALSE,FALSE
"APOE_included","chen_forward_alternative_hb_gwas_sensitivity_main","rs4627465",379,0.0159398747377252,0.0568385104922727,-0.0954636058271292,0.12734335530258,0.779138833904241,1.01606759223902,0.908951441587605,1.13580693617162,0.0159190391355801,0.779033810895816,0.0000208356021451396,FALSE,FALSE
"APOE_included","chen_forward_alternative_hb_gwas_sensitivity_main","rs4660253",379,0.0140271527440015,0.0568445587126719,-0.0973881823328354,0.125442487820838,0.805091389452296,1.01412599486818,0.907203777294562,1.13364996840554,0.0159190391355801,0.779033810895816,0.00189188639157858,FALSE,FALSE
"APOE_included","chen_forward_alternative_hb_gwas_sensitivity_main","rs4665390",379,0.0160065033623498,0.0568885180962341,-0.095494992106269,0.127507998830969,0.778429577557025,1.01613529368062,0.908922913431634,1.13599395482845,0.0159190391355801,0.779033810895816,0.0000874642267697304,FALSE,FALSE
"APOE_included","chen_forward_alternative_hb_gwas_sensitivity_main","rs4760682",379,0.0188216440511751,0.0569227478999411,-0.0927469418327094,0.13039022993506,0.740907049697804,1.01899988771699,0.911424114431537,1.13927287497202,0.0159190391355801,0.779033810895816,0.00290260491559506,FALSE,FALSE
"APOE_included","chen_forward_alternative_hb_gwas_sensitivity_main","rs4761637",379,0.0177811932464049,0.0567700925858943,-0.0934881882219479,0.129050574714758,0.754118009561251,1.01794021982551,0.910748774925057,1.13774766397426,0.0159190391355801,0.779033810895816,0.00186215411082481,FALSE,FALSE
"APOE_included","chen_forward_alternative_hb_gwas_sensitivity_main","rs477992",379,0.0177458602189965,0.0568015529657892,-0.0935851835939503,0.129076904031943,0.754722435764909,1.01790425355122,0.910660440792903,1.13777762048775,0.0159190391355801,0.779033810895816,0.00182682108341639,FALSE,FALSE
"APOE_included","chen_forward_alternative_hb_gwas_sensitivity_main","rs4833291",379,0.0141781546789944,0.0567891189356961,-0.0971285184349699,0.125484827792959,0.802847798533279,1.01427914141815,0.907439375950442,1.13369796812974,0.0159190391355801,0.779033810895816,0.00174088445658565,FALSE,FALSE
"APOE_included","chen_forward_alternative_hb_gwas_sensitivity_main","rs4886755",379,0.0165193830087488,0.0570679283134308,-0.0953337564855756,0.128372522503073,0.772222675408632,1.01665658245851,0.909069475996979,1.13697647313774,0.0159190391355801,0.779033810895816,0.000600343873168683,FALSE,FALSE
"APOE_included","chen_forward_alternative_hb_gwas_sensitivity_main","rs4925184",379,0.0137944226957343,0.0567435006998617,-0.0974228386759945,0.125011684067463,0.807926870800608,1.0138900047385,0.907172337473939,1.13316169292715,0.0159190391355801,0.779033810895816,0.00212461643984579,FALSE,FALSE
"APOE_included","chen_forward_alternative_hb_gwas_sensitivity_main","rs4952672",379,0.0179638044042613,0.0568432188248989,-0.0934489044925405,0.129376513301063,0.75198451833433,1.01812612404125,0.910784553236238,1.13811856028085,0.0159190391355801,0.779033810895816,0.00204476526868121,FALSE,FALSE
"APOE_included","chen_forward_alternative_hb_gwas_sensitivity_main","rs4957325",379,0.0163122617763328,0.0568662576587416,-0.0951456032348006,0.127770126787466,0.774224809676413,1.01644603309958,0.909240536466355,1.13629176963351,0.0159190391355801,0.779033810895816,0.000393222640752703,FALSE,FALSE
"APOE_included","chen_forward_alternative_hb_gwas_sensitivity_main","rs4965500",379,0.0151156268019011,0.0568511311734995,-0.0963125902981579,0.12654384390196,0.790330977672202,1.01523044567902,0.908180083410667,1.13489920849492,0.0159190391355801,0.779033810895816,0.000803412333678944,FALSE,FALSE
"APOE_included","chen_forward_alternative_hb_gwas_sensitivity_main","rs4985717",379,0.0175964817467758,0.0567538180114564,-0.0936410015556788,0.12883396504923,0.756523463644139,1.01775221192512,0.910609611001892,1.1375012435228,0.0159190391355801,0.779033810895816,0.00167744261119573,FALSE,FALSE
"APOE_included","chen_forward_alternative_hb_gwas_sensitivity_main","rs550057",379,0.0376802631187741,0.0574264241635533,-0.0748755282417903,0.150236054479338,0.511728569482768,1.03839916528362,0.927858971378628,1.16210853127777,0.0159190391355801,0.779033810895816,0.021761223983194,FALSE,FALSE
"APOE_included","chen_forward_alternative_hb_gwas_sensitivity_main","rs55714120",379,0.0157321646395151,0.0568459527712047,-0.0956859027920461,0.127150232071076,0.781971438514522,1.01585656665648,0.908749406897565,1.13558760664524,0.0159190391355801,0.779033810895816,0.000186874496065019,FALSE,FALSE
"APOE_included","chen_forward_alternative_hb_gwas_sensitivity_main","rs55731973",379,0.0127851458098101,0.0568540408940582,-0.0986487743425441,0.124219065962164,0.822075240782089,1.01286722521254,0.906060883974168,1.13226388430979,0.0159190391355801,0.779033810895816,0.00313389332577003,FALSE,FALSE
"APOE_included","chen_forward_alternative_hb_gwas_sensitivity_main","rs55771504",379,0.0180130216874288,0.056860286414634,-0.0934331396852539,0.129459183060111,0.751399595413478,1.01817623467615,0.910798911692378,1.13821265215722,0.0159190391355801,0.779033810895816,0.0020939825518487,FALSE,FALSE
"APOE_included","chen_forward_alternative_hb_gwas_sensitivity_main","rs55780348",379,0.00771184988662244,0.0567927606128433,-0.10360196091455,0.119025660687795,0.891987840636052,1.00774166278923,0.901584091716714,1.12639882208601,0.0159190391355801,0.779033810895816,0.00820718924895765,FALSE,FALSE
"APOE_included","chen_forward_alternative_hb_gwas_sensitivity_main","rs55899456",379,0.0140118033736494,0.0567348476085149,-0.0971884979390397,0.125212104686339,0.804931468015517,1.01411042879216,0.907384949818941,1.13338882465511,0.0159190391355801,0.779033810895816,0.00190723576193069,FALSE,FALSE
"APOE_included","chen_forward_alternative_hb_gwas_sensitivity_main","rs55971447",379,0.00973633163160458,0.0565836261894968,-0.101167575699809,0.120640238963018,0.863382677093982,1.00978388391138,0.903781568366539,1.12821895012758,0.0159190391355801,0.779033810895816,0.0061827075039755,FALSE,FALSE
"APOE_included","chen_forward_alternative_hb_gwas_sensitivity_main","rs56011044",379,0.0169948816775186,0.0569030837415544,-0.094535162455928,0.128524925810965,0.765196708419329,1.01714011626079,0.909795743410857,1.13714976531805,0.0159190391355801,0.779033810895816,0.00107584254193848,FALSE,FALSE
"APOE_included","chen_forward_alternative_hb_gwas_sensitivity_main","rs56242015",379,0.0134178101981817,0.0566532102937201,-0.0976224819775096,0.124458102373873,0.812780044032267,1.01350823298609,0.906991244671026,1.13253456895625,0.0159190391355801,0.779033810895816,0.00250122893739837,FALSE,FALSE
"APOE_included","chen_forward_alternative_hb_gwas_sensitivity_main","rs56316046",379,0.0198817666864454,0.0569298668951368,-0.0917007724280226,0.131464305800913,0.726914677304421,1.02008072537231,0.912378117392093,1.14049719786178,0.0159190391355801,0.779033810895816,0.00396272755086535,FALSE,FALSE
"APOE_included","chen_forward_alternative_hb_gwas_sensitivity_main","rs564640",379,0.00999980271932746,0.0564395358520928,-0.100621687550774,0.120621292989429,0.859369151375514,1.01004996782081,0.904275066699217,1.12819757512364,0.0159190391355801,0.779033810895816,0.00591923641625262,FALSE,FALSE
"APOE_included","chen_forward_alternative_hb_gwas_sensitivity_main","rs5756052",379,0.016478598292385,0.0568370260582902,-0.0949219727818638,0.127879169366634,0.771871952892743,1.01661511925369,0.909443893076872,1.13641568057442,0.0159190391355801,0.779033810895816,0.000559559156804924,FALSE,FALSE
"APOE_included","chen_forward_alternative_hb_gwas_sensitivity_main","rs58365266",379,0.0148667544072156,0.0568407003517076,-0.0965410182821313,0.126274527096562,0.793667457394177,1.01497781428464,0.907972653357445,1.13459360221994,0.0159190391355801,0.779033810895816,0.00105228472836453,FALSE,FALSE
"APOE_included","chen_forward_alternative_hb_gwas_sensitivity_main","rs58542926",379,0.0175672269590215,0.0568134367567562,-0.0937871090842207,0.128921563002264,0.757162534848265,1.01772243823568,0.910476573801267,1.13760089066769,0.0159190391355801,0.779033810895816,0.00164818782344143,FALSE,FALSE
"APOE_included","chen_forward_alternative_hb_gwas_sensitivity_main","rs58976956",379,0.0157491024128454,0.0568468743534602,-0.0956707713199365,0.127168976145627,0.781746091773359,1.01587377315046,0.908763157717905,1.13560889238349,0.0159190391355801,0.779033810895816,0.000169936722734687,FALSE,FALSE
"APOE_included","chen_forward_alternative_hb_gwas_sensitivity_main","rs592037",379,0.0159235981239422,0.0568461875383064,-0.0954949294511385,0.127342125699023,0.779387545322039,1.01605105423384,0.90892297038032,1.13580553958023,0.0159190391355801,0.779033810895816,0.00000455898836208141,FALSE,FALSE
"APOE_included","chen_forward_alternative_hb_gwas_sensitivity_main","rs595035",379,0.0175195275089773,0.0567259853814461,-0.0936634038386571,0.128702458856612,0.75743956297841,1.01767389459284,0.910589211496202,1.13735166490064,0.0159190391355801,0.779033810895816,0.00160048837339721,FALSE,FALSE
"APOE_included","chen_forward_alternative_hb_gwas_sensitivity_main","rs59819635",379,0.0156139528362478,0.0568193536903786,-0.0957519803968944,0.12697988606939,0.783469973252268,1.0157364875174,0.90868936089722,1.13539418031205,0.0159190391355801,0.779033810895816,0.000305086299332333,FALSE,FALSE
"APOE_included","chen_forward_alternative_hb_gwas_sensitivity_main","rs59901009",379,0.0192909167203878,0.0571180710382728,-0.0926605025146269,0.131242335955403,0.735560983565632,1.01947818873225,0.91150290071554,1.14024406996939,0.0159190391355801,0.779033810895816,0.00337187758480775,FALSE,FALSE
"APOE_included","chen_forward_alternative_hb_gwas_sensitivity_main","rs60631754",379,0.0142448429897149,0.0566568414498582,-0.0968025662520071,0.125292252231437,0.801486951612808,1.01434678423616,0.907735206006546,1.13347966662738,0.0159190391355801,0.779033810895816,0.00167419614586516,FALSE,FALSE
"APOE_included","chen_forward_alternative_hb_gwas_sensitivity_main","rs6070139",379,0.0208737000756426,0.0567929819382564,-0.0904405445233399,0.132187944674625,0.7132161622956,1.02109307951441,0.913528646567468,1.14132280465407,0.0159190391355801,0.779033810895816,0.00495466094006251,FALSE,FALSE
"APOE_included","chen_forward_alternative_hb_gwas_sensitivity_main","rs6086551",379,0.019374821730259,0.0565058790246988,-0.0913767011581507,0.130126344618669,0.731687594298287,1.01956373164843,0.912673840842349,1.13897227725236,0.0159190391355801,0.779033810895816,0.00345578259467896,FALSE,FALSE
"APOE_included","chen_forward_alternative_hb_gwas_sensitivity_main","rs6126019",379,0.0195132520889634,0.056824358012466,-0.0918624896154699,0.130888993793397,0.731300636569056,1.01970487999091,0.912230582098878,1.13984124483623,0.0159190391355801,0.779033810895816,0.00359421295338335,FALSE,FALSE
"APOE_included","chen_forward_alternative_hb_gwas_sensitivity_main","rs61880662",379,0.0135344823056802,0.0568104590524784,-0.0978140174371774,0.124882982048538,0.81169552057489,1.013626488026,0.906817540321866,1.13301586211406,0.0159190391355801,0.779033810895816,0.00238455682989984,FALSE,FALSE
"APOE_included","chen_forward_alternative_hb_gwas_sensitivity_main","rs62022865",379,0.0167470401257633,0.0568284867659891,-0.0946367939355754,0.128130874187102,0.768227296889876,1.01688805791258,0.909703284221739,1.13670175788128,0.0159190391355801,0.779033810895816,0.000828000990183191,FALSE,FALSE
"APOE_included","chen_forward_alternative_hb_gwas_sensitivity_main","rs62024491",379,0.014683598301416,0.0567953534280049,-0.0966352944174736,0.126002491020306,0.795993883064782,1.01479193192396,0.907887057239589,1.13428499380646,0.0159190391355801,0.779033810895816,0.00123544083416406,FALSE,FALSE
"APOE_included","chen_forward_alternative_hb_gwas_sensitivity_main","rs62106252",379,0.0150431041131669,0.0567748338680284,-0.0962355702681689,0.126321778494503,0.791039677368691,1.01515682110717,0.908250034161696,1.13464721462036,0.0159190391355801,0.779033810895816,0.000875935022413208,FALSE,FALSE
"APOE_included","chen_forward_alternative_hb_gwas_sensitivity_main","rs62398471",379,0.015913072033715,0.0568494378265061,-0.0955118261062369,0.127337970173667,0.779541886789819,1.01604035924505,0.908907612752125,1.13580081972132,0.0159190391355801,0.779033810895816,0.00000596710186512653,FALSE,FALSE
"APOE_included","chen_forward_alternative_hb_gwas_sensitivity_main","rs62435145",379,0.0183138492877193,0.0570600340502611,-0.0935238174507924,0.130151516026231,0.748242553118316,1.01848257626519,0.9107163262266,1.13900094714858,0.0159190391355801,0.779033810895816,0.00239481015213917,FALSE,FALSE
"APOE_included","chen_forward_alternative_hb_gwas_sensitivity_main","rs62505281",379,0.014221918902702,0.0567677323249101,-0.0970428364541218,0.125486674259526,0.80217888436824,1.01432353152874,0.907517130484706,1.13370006146707,0.0159190391355801,0.779033810895816,0.00169712023287804,FALSE,FALSE
"APOE_included","chen_forward_alternative_hb_gwas_sensitivity_main","rs6415788",379,0.0147519015918857,0.0569188909760973,-0.0968091247212649,0.126312927905036,0.795500923882725,1.01486124791928,0.907729252672626,1.13463717236811,0.0159190391355801,0.779033810895816,0.00116713754369441,FALSE,FALSE
"APOE_included","chen_forward_alternative_hb_gwas_sensitivity_main","rs6426837",379,0.0168894704747392,0.056815530036532,-0.0944689683968635,0.128247909346342,0.766261487130645,1.01703290394853,0.909855968477282,1.13683479973766,0.0159190391355801,0.779033810895816,0.00097043133915909,FALSE,FALSE
"APOE_included","chen_forward_alternative_hb_gwas_sensitivity_main","rs6428637",379,0.0150240827775118,0.0568355668507795,-0.0963736282500161,0.12642179380504,0.791515648999676,1.01513751165218,0.908124651650195,1.13476070238904,0.0159190391355801,0.779033810895816,0.000894956358068258,FALSE,FALSE
"APOE_included","chen_forward_alternative_hb_gwas_sensitivity_main","rs6465351",379,0.0159813632943856,0.0568762968407301,-0.0954961785134455,0.127458905102217,0.778722214623111,1.01610974829138,0.908921835079606,1.13593818601833,0.0159190391355801,0.779033810895816,0.0000623241588055129,FALSE,FALSE
"APOE_included","chen_forward_alternative_hb_gwas_sensitivity_main","rs6474401",379,0.0117213820373935,0.0568577203193247,-0.099719749788483,0.12316251386327,0.836671503908883,1.01179034662585,0.90509103445012,1.13106822027821,0.0159190391355801,0.779033810895816,0.00419765709818662,FALSE,FALSE
"APOE_included","chen_forward_alternative_hb_gwas_sensitivity_main","rs6581572",379,0.0153610464219776,0.0568392531214089,-0.0960438896959837,0.126765982539939,0.786964704031447,1.01547963372585,0.908424144734206,1.13515134146254,0.0159190391355801,0.779033810895816,0.000557992713602455,FALSE,FALSE
"APOE_included","chen_forward_alternative_hb_gwas_sensitivity_main","rs6602909",379,0.0166183150616015,0.0568873431287798,-0.0948808774708069,0.12811750759401,0.770189709399859,1.01675716735671,0.909481267724503,1.13668656415296,0.0159190391355801,0.779033810895816,0.000699275926021401,FALSE,FALSE
"APOE_included","chen_forward_alternative_hb_gwas_sensitivity_main","rs6672758",379,0.0157385974164646,0.0568610200055344,-0.0957090017943829,0.127186196627312,0.781940878168673,1.0158631014562,0.908728415935327,1.135628448284,0.0159190391355801,0.779033810895816,0.000180441719115489,FALSE,FALSE
"APOE_included","chen_forward_alternative_hb_gwas_sensitivity_main","rs6690625",379,0.015679463591209,0.0568764432091933,-0.0957983650988098,0.127157292281228,0.78279702219397,1.01580303136118,0.908647212589607,1.13559562416069,0.0159190391355801,0.779033810895816,0.000239575544371134,FALSE,FALSE
"APOE_included","chen_forward_alternative_hb_gwas_sensitivity_main","rs6702992",379,0.0165465697389679,0.0568461924522978,-0.0948719674675359,0.127965106945472,0.770993094933038,1.01668422240246,0.909489371241674,1.13651334558305,0.0159190391355801,0.779033810895816,0.000627530603387813,FALSE,FALSE
"APOE_included","chen_forward_alternative_hb_gwas_sensitivity_main","rs6706535",379,0.013748755193219,0.0567788743474281,-0.0975378385277401,0.125035348914178,0.808667337503947,1.01384370397139,0.907068018788053,1.13318850934221,0.0159190391355801,0.779033810895816,0.00217028394236105,FALSE,FALSE
"APOE_included","chen_forward_alternative_hb_gwas_sensitivity_main","rs67423398",379,0.0175971393787713,0.0568947365386721,-0.0939165442370261,0.129110822994569,0.757098713713508,1.01775288123175,0.910358733753298,1.13781621337885,0.0159190391355801,0.779033810895816,0.0016781002431912,FALSE,FALSE
"APOE_included","chen_forward_alternative_hb_gwas_sensitivity_main","rs6777363",379,0.0104029258697033,0.0567309909255234,-0.100789816344323,0.121595668083729,0.85450544429505,1.01045722442764,0.904123044803204,1.12929739847551,0.0159190391355801,0.779033810895816,0.00551611326587682,FALSE,FALSE
"APOE_included","chen_forward_alternative_hb_gwas_sensitivity_main","rs6795441",379,0.0156299995989902,0.0568400220356015,-0.0957764435907887,0.127036442788769,0.783329842161943,1.0157527869306,0.908667131725094,1.135458396298,0.0159190391355801,0.779033810895816,0.000289039536589909,FALSE,FALSE
"APOE_included","chen_forward_alternative_hb_gwas_sensitivity_main","rs6827412",379,0.0182723392497196,0.0567987300083592,-0.0930531715666645,0.129597850066104,0.747677472674319,1.0184402998922,0.911145051998243,1.13837049564147,0.0159190391355801,0.779033810895816,0.00235330011413952,FALSE,FALSE
"APOE_included","chen_forward_alternative_hb_gwas_sensitivity_main","rs6850146",379,0.016994367336113,0.056800429510244,-0.0943344745039652,0.128323209176191,0.764791763383576,1.01713959310365,0.909978346777842,1.13692040642769,0.0159190391355801,0.779033810895816,0.00107532820053292,FALSE,FALSE
"APOE_included","chen_forward_alternative_hb_gwas_sensitivity_main","rs6864465",379,0.014422248741827,0.0568028557834987,-0.0969113485938306,0.125755846077484,0.799572765032933,1.01452675115343,0.907636465815773,1.13400526264757,0.0159190391355801,0.779033810895816,0.00149679039375313,FALSE,FALSE
"APOE_included","chen_forward_alternative_hb_gwas_sensitivity_main","rs6904682",379,0.0102201287274384,0.056523915062351,-0.10056674479477,0.121007002249646,0.856516163069264,1.01027253261572,0.904324751428463,1.12863281530841,0.0159190391355801,0.779033810895816,0.00569891040814167,FALSE,FALSE
"APOE_included","chen_forward_alternative_hb_gwas_sensitivity_main","rs6919729",379,0.0142572306120862,0.0567867285352978,-0.0970447573170975,0.12555921854127,0.801762893972758,1.0143593496589,0.907515387270325,1.13378230790696,0.0159190391355801,0.779033810895816,0.00166180852349384,FALSE,FALSE
"APOE_included","chen_forward_alternative_hb_gwas_sensitivity_main","rs6933661",379,0.0139388353778384,0.0567364038297549,-0.0972645161284811,0.125142186884158,0.805932197521475,1.01403643388631,0.907315974679645,1.13330958336969,0.0159190391355801,0.779033810895816,0.00198020375774168,FALSE,FALSE
"APOE_included","chen_forward_alternative_hb_gwas_sensitivity_main","rs6967414",379,0.0141513245589698,0.0567968433429454,-0.0971704883932032,0.125473137511143,0.80323942873971,1.01425192855211,0.90740129155694,1.13368471495847,0.0159190391355801,0.779033810895816,0.00176771457661027,FALSE,FALSE
"APOE_included","chen_forward_alternative_hb_gwas_sensitivity_main","rs699947",379,0.0207854664891684,0.0569876198730412,-0.0909102684619924,0.132481201440329,0.715308090459785,1.02100298878445,0.913099641058498,1.1416575543698,0.0159190391355801,0.779033810895816,0.00486642735358832,FALSE,FALSE
"APOE_included","chen_forward_alternative_hb_gwas_sensitivity_main","rs7002077",379,0.0166975760726119,0.0568314285172867,-0.09469202382127,0.128087175966494,0.768903979943834,1.01683775975162,0.909653042800762,1.13665208712237,0.0159190391355801,0.779033810895816,0.000778536937031823,FALSE,FALSE
"APOE_included","chen_forward_alternative_hb_gwas_sensitivity_main","rs7028970",379,0.0167942599661509,0.0568238137954103,-0.0945804150728533,0.128168935005155,0.767574007350564,1.01693607633807,0.909754573704126,1.13674502250341,0.0159190391355801,0.779033810895816,0.000875220830570837,FALSE,FALSE
"APOE_included","chen_forward_alternative_hb_gwas_sensitivity_main","rs7030248",379,0.0105547355294575,0.0567852771374759,-0.100744407659995,0.12185387871891,0.852545934434666,1.01061063323926,0.90416410077328,1.12958903272399,0.0159190391355801,0.779033810895816,0.00536430360612257,FALSE,FALSE
"APOE_included","chen_forward_alternative_hb_gwas_sensitivity_main","rs7032549",379,0.016639887636486,0.0568761877551283,-0.0948374403635654,0.128117215636537,0.76985593622847,1.01677910166343,0.909520773817872,1.13668623228887,0.0159190391355801,0.779033810895816,0.000720848500905945,FALSE,FALSE
"APOE_included","chen_forward_alternative_hb_gwas_sensitivity_main","rs7037072",379,0.0152293441630032,0.0568326822041345,-0.0961627129571004,0.126621401283107,0.788723896617584,1.01534590157075,0.908316209227602,1.13498723171878,0.0159190391355801,0.779033810895816,0.000689694972576841,FALSE,FALSE
"APOE_included","chen_forward_alternative_hb_gwas_sensitivity_main","rs7040714",379,0.0169432713221719,0.0568127827436159,-0.0944097828553152,0.128296325499659,0.76552769179517,1.01708762265257,0.909909820389119,1.13688984223808,0.0159190391355801,0.779033810895816,0.00102423218659179,FALSE,FALSE
"APOE_included","chen_forward_alternative_hb_gwas_sensitivity_main","rs7117229",379,0.018352270007558,0.0568009753886281,-0.092977641754153,0.129682181769269,0.746621178713016,1.01852170785064,0.911213873212185,1.13846650041227,0.0159190391355801,0.779033810895816,0.00243323087197794,FALSE,FALSE
"APOE_included","chen_forward_alternative_hb_gwas_sensitivity_main","rs711991",379,0.0166062688229624,0.0568815892523244,-0.0948816461115935,0.128094183757518,0.77032903601756,1.01674491933101,0.909480568660374,1.13666005257057,0.0159190391355801,0.779033810895816,0.00068722968738227,FALSE,FALSE
"APOE_included","chen_forward_alternative_hb_gwas_sensitivity_main","rs7125217",379,0.0161948367770502,0.0568362373455035,-0.0952041884201367,0.127593861974237,0.77569119781467,1.0163266839323,0.909187270001339,1.13609149902781,0.0159190391355801,0.779033810895816,0.000275797641470104,FALSE,FALSE
"APOE_included","chen_forward_alternative_hb_gwas_sensitivity_main","rs7137828",379,0.00722723182319707,0.0576896906192465,-0.105844561790526,0.12029902543692,0.900303704964144,1.00725341129347,0.899564463898857,1.12783405223132,0.0159190391355801,0.779033810895816,0.00869180731238301,FALSE,FALSE
"APOE_included","chen_forward_alternative_hb_gwas_sensitivity_main","rs7181",379,0.0162780505623441,0.0569049588718197,-0.0952556688264225,0.127811769951111,0.774834616504876,1.01641125984166,0.909140465876048,1.13633908940288,0.0159190391355801,0.779033810895816,0.000359011426763985,FALSE,FALSE
"APOE_included","chen_forward_alternative_hb_gwas_sensitivity_main","rs7182622",379,0.0120077784718316,0.0564145575620223,-0.0985647543497321,0.122580311293395,0.831444793898255,1.01208016127249,0.906137014401321,1.13040990110982,0.0159190391355801,0.779033810895816,0.0039112606637485,FALSE,FALSE
"APOE_included","chen_forward_alternative_hb_gwas_sensitivity_main","rs7190771",379,0.015051846211333,0.0568338520234529,-0.0963425037546348,0.126446196177301,0.791133143581736,1.01516569574654,0.908152917011591,1.13478839357999,0.0159190391355801,0.779033810895816,0.000867192924247091,FALSE,FALSE
"APOE_included","chen_forward_alternative_hb_gwas_sensitivity_main","rs7205989",379,0.0167681386892429,0.0568204615155158,-0.094599965881168,0.128136243259654,0.767911836623642,1.01690951301616,0.909736787440711,1.13670786093187,0.0159190391355801,0.779033810895816,0.000849099553662806,FALSE,FALSE
"APOE_included","chen_forward_alternative_hb_gwas_sensitivity_main","rs7219786",379,0.0158440592871008,0.0568333631539484,-0.0955493324946381,0.12723745106884,0.780412930537132,1.01597024192871,0.908873523549465,1.13568665577759,0.0159190391355801,0.779033810895816,0.0000749798484792931,FALSE,FALSE
"APOE_included","chen_forward_alternative_hb_gwas_sensitivity_main","rs72717436",379,0.0148729814707252,0.0568675816481429,-0.0965874785596349,0.126333441501085,0.793678355582612,1.01498413463563,0.907930469675944,1.13466044809546,0.0159190391355801,0.779033810895816,0.00104605766485492,FALSE,FALSE
"APOE_included","chen_forward_alternative_hb_gwas_sensitivity_main","rs72781671",379,0.0141153762060134,0.0568080784590441,-0.097228457573713,0.12545920998574,0.803767061787798,1.01421546852114,0.907348691772272,1.13366892564576,0.0159190391355801,0.779033810895816,0.00180366292956664,FALSE,FALSE
"APOE_included","chen_forward_alternative_hb_gwas_sensitivity_main","rs72807710",379,0.0073915526739831,0.0574384794232096,-0.105187866995508,0.119970972343474,0.897605775998261,1.00741893763032,0.900155397210261,1.12746412346305,0.0159190391355801,0.779033810895816,0.00852748646159699,FALSE,FALSE
"APOE_included","chen_forward_alternative_hb_gwas_sensitivity_main","rs73137144",379,0.0164215048586223,0.0568210376929136,-0.0949477290194884,0.127790738736733,0.772578347783845,1.0165570788626,0.909420469525508,1.1363151910632,0.0159190391355801,0.779033810895816,0.000502465723042175,FALSE,FALSE
"APOE_included","chen_forward_alternative_hb_gwas_sensitivity_main","rs73163140",379,0.0166647903053238,0.0568239921868141,-0.0947102343808318,0.128039814991479,0.769315538870448,1.01680442249196,0.909636477660677,1.13659825544604,0.0159190391355801,0.779033810895816,0.000745751169743701,FALSE,FALSE
"APOE_included","chen_forward_alternative_hb_gwas_sensitivity_main","rs73169652",379,0.0126770584052382,0.0566457885639625,-0.0983486871801283,0.123702803990605,0.822916626295511,1.01275775293938,0.906332822014332,1.13167949038771,0.0159190391355801,0.779033810895816,0.00324198073034186,FALSE,FALSE
"APOE_included","chen_forward_alternative_hb_gwas_sensitivity_main","rs73175081",379,0.0136022276306373,0.0569697779880228,-0.0980585372258874,0.125262992487162,0.811290008396987,1.01369515880786,0.906595832595576,1.13344650178739,0.0159190391355801,0.779033810895816,0.00231681150494276,FALSE,FALSE
"APOE_included","chen_forward_alternative_hb_gwas_sensitivity_main","rs73260456",379,0.010200461495012,0.056695978801374,-0.100923656955681,0.121324579945705,0.857219237178557,1.01025266354639,0.904002044519701,1.12899130083808,0.0159190391355801,0.779033810895816,0.00571857764056806,FALSE,FALSE
"APOE_included","chen_forward_alternative_hb_gwas_sensitivity_main","rs73591976",379,0.00961581766709715,0.0567720567918028,-0.101657413644836,0.120889048979031,0.86550098620638,1.0096621981848,0.903338970269857,1.12849969722753,0.0159190391355801,0.779033810895816,0.00630322146848293,FALSE,FALSE
"APOE_included","chen_forward_alternative_hb_gwas_sensitivity_main","rs744056",379,0.0158404808427796,0.0568351397953276,-0.0955563931560625,0.127237354841622,0.780467940853818,1.01596660634227,0.908867106323893,1.13568654649362,0.0159190391355801,0.779033810895816,0.0000785582928004985,FALSE,FALSE
"APOE_included","chen_forward_alternative_hb_gwas_sensitivity_main","rs74417235",379,0.0112889532753432,0.0567530474186176,-0.0999470196651474,0.122524926215834,0.84233032666635,1.01135291396486,0.904885357895278,1.1303472950035,0.0159190391355801,0.779033810895816,0.00463008586023691,FALSE,FALSE
"APOE_included","chen_forward_alternative_hb_gwas_sensitivity_main","rs74664421",379,0.0188787959584678,0.0566387514011368,-0.0921331567877603,0.129890748704696,0.738893179147673,1.01905812716834,0.911983704639064,1.13870397164481,0.0159190391355801,0.779033810895816,0.00295975682288769,FALSE,FALSE
"APOE_included","chen_forward_alternative_hb_gwas_sensitivity_main","rs747578",379,0.0154926404992965,0.0568551819592214,-0.0959435161407774,0.12692879713937,0.785242953950032,1.0156132736242,0.90851533107152,1.13533617571994,0.0159190391355801,0.779033810895816,0.000426398636283621,FALSE,FALSE
"APOE_included","chen_forward_alternative_hb_gwas_sensitivity_main","rs7490694",379,0.0178032106718835,0.0567558425323957,-0.093438240691612,0.129044662035379,0.753763583951734,1.01796263249517,0.910794265713188,1.137740936857,0.0159190391355801,0.779033810895816,0.00188417153630346,FALSE,FALSE
"APOE_included","chen_forward_alternative_hb_gwas_sensitivity_main","rs7521083",379,0.0151944281289562,0.0568209123849088,-0.0961745601454651,0.126563416403377,0.789154206065038,1.0153104503376,0.908305448298121,1.13492142152867,0.0159190391355801,0.779033810895816,0.00072461100662391,FALSE,FALSE
"APOE_included","chen_forward_alternative_hb_gwas_sensitivity_main","rs752590",379,0.0158778185067579,0.0569755977702212,-0.0957943531228757,0.127549990136391,0.780492312810296,1.01600454087022,0.908650858067669,1.13604165769911,0.0159190391355801,0.779033810895816,0.0000412206288222215,FALSE,FALSE
"APOE_included","chen_forward_alternative_hb_gwas_sensitivity_main","rs7526882",379,0.0158394699528838,0.0568431900212408,-0.0955731824887482,0.127252122394516,0.780511883879523,1.01596557931242,0.908851847179774,1.13570331792861,0.0159190391355801,0.779033810895816,0.0000795691826962659,FALSE,FALSE
"APOE_included","chen_forward_alternative_hb_gwas_sensitivity_main","rs7550758",379,0.0154198562147366,0.0568569136787404,-0.0960196945955947,0.126859407025068,0.786233679518085,1.01553935562876,0.908446124413482,1.13525739734619,0.0159190391355801,0.779033810895816,0.000499182920843482,FALSE,FALSE
"APOE_included","chen_forward_alternative_hb_gwas_sensitivity_main","rs7551257",379,0.0162215240786108,0.0568329494350832,-0.0951710568141523,0.127614104971374,0.775318833048919,1.01635380731092,0.90921739333475,1.13611449715754,0.0159190391355801,0.779033810895816,0.000302484943030666,FALSE,FALSE
"APOE_included","chen_forward_alternative_hb_gwas_sensitivity_main","rs7554335",379,0.0274753193079174,0.0565930916611414,-0.0834471403479197,0.138397778963755,0.62732956593573,1.02785624659067,0.919939713079206,1.14843228163202,0.0159190391355801,0.779033810895816,0.0115562801723373,FALSE,FALSE
"APOE_included","chen_forward_alternative_hb_gwas_sensitivity_main","rs7575331",379,0.0124550022812906,0.0566388890208945,-0.0985572201996625,0.123467224762244,0.825947515682335,1.01253288884542,0.906143841399289,1.13141292160687,0.0159190391355801,0.779033810895816,0.00346403685428948,FALSE,FALSE
"APOE_included","chen_forward_alternative_hb_gwas_sensitivity_main","rs75757892",379,0.0142493251752095,0.0569613866624254,-0.0973949926831443,0.125893643033563,0.802465454305847,1.01435133073679,0.907197598940076,1.13416153588768,0.0159190391355801,0.779033810895816,0.0016697139603706,FALSE,FALSE
"APOE_included","chen_forward_alternative_hb_gwas_sensitivity_main","rs7587636",379,0.0156866168840787,0.0568580505814089,-0.0957551622554827,0.12712839602364,0.782631888684972,1.01581029772375,0.908686469580772,1.13556281017112,0.0159190391355801,0.779033810895816,0.000232422251501364,FALSE,FALSE
"APOE_included","chen_forward_alternative_hb_gwas_sensitivity_main","rs7647352",379,0.020824894671711,0.0564213740657356,-0.0897609984971307,0.131410787840553,0.712056286717617,1.0210432458703,0.914149642302767,1.14043616241122,0.0159190391355801,0.779033810895816,0.00490585553613095,FALSE,FALSE
"APOE_included","chen_forward_alternative_hb_gwas_sensitivity_main","rs7667050",379,0.014554184658449,0.056793419160838,-0.0967609168967936,0.125869286213692,0.797745961382179,1.01466061250065,0.907773013379902,1.13413391165587,0.0159190391355801,0.779033810895816,0.00136485447713108,FALSE,FALSE
"APOE_included","chen_forward_alternative_hb_gwas_sensitivity_main","rs7694958",379,0.0140074846217079,0.0568321441708386,-0.0973835179531358,0.125398487196552,0.805317525251675,1.01410604911024,0.907208008847313,1.1336000881966,0.0159190391355801,0.779033810895816,0.0019115545138722,FALSE,FALSE
"APOE_included","chen_forward_alternative_hb_gwas_sensitivity_main","rs7701575",379,0.0156903600564934,0.056832484434767,-0.0957013094356499,0.127082029548637,0.78248597625897,1.01581410008395,0.90873540622718,1.1355101593471,0.0159190391355801,0.779033810895816,0.000228679079086733,FALSE,FALSE
"APOE_included","chen_forward_alternative_hb_gwas_sensitivity_main","rs7718112",379,0.01769492723836,0.0567696153669094,-0.0935735188807823,0.128963373357502,0.755270695149052,1.01785240997387,0.910671063447693,1.13764845515938,0.0159190391355801,0.779033810895816,0.00177588810277992,FALSE,FALSE
"APOE_included","chen_forward_alternative_hb_gwas_sensitivity_main","rs77406312",379,0.0146361096301106,0.0567896733342615,-0.0966716501050419,0.125943869365263,0.796619271879839,1.01474374194771,0.907854050981375,1.13421850209178,0.0159190391355801,0.779033810895816,0.00128292950546948,FALSE,FALSE
"APOE_included","chen_forward_alternative_hb_gwas_sensitivity_main","rs77486408",379,0.0157244369856623,0.0568417966419733,-0.0956854844326052,0.12713435840393,0.782060298183681,1.0158487164989,0.908749787081538,1.13556958084863,0.0159190391355801,0.779033810895816,0.000194602149917743,FALSE,FALSE
"APOE_included","chen_forward_alternative_hb_gwas_sensitivity_main","rs77542162",379,0.0111341853249562,0.0565144244476925,-0.0996340865925211,0.121902457242434,0.843815855023668,1.01119640105915,0.905168570761724,1.12964390782426,0.0159190391355801,0.779033810895816,0.00478485381062384,FALSE,FALSE
"APOE_included","chen_forward_alternative_hb_gwas_sensitivity_main","rs78622623",379,0.0175571666033301,0.0567548727349454,-0.0936823839571628,0.128796717163823,0.757054674226212,1.01771219963746,0.910571928569074,1.13745887479591,0.0159190391355801,0.779033810895816,0.00163812746775006,FALSE,FALSE
"APOE_included","chen_forward_alternative_hb_gwas_sensitivity_main","rs7897298",379,0.0145331219638608,0.0568586761101281,-0.0969098832119904,0.125976127139712,0.798259116047431,1.01463924123912,0.907637795850742,1.13425509004651,0.0159190391355801,0.779033810895816,0.00138591717171929,FALSE,FALSE
"APOE_included","chen_forward_alternative_hb_gwas_sensitivity_main","rs791270",379,0.019542872594224,0.0566801714477964,-0.0915502634434569,0.130636008631905,0.730250709047147,1.019735084612,0.91251544883063,1.13955291838753,0.0159190391355801,0.779033810895816,0.00362383345864394,FALSE,FALSE
"APOE_included","chen_forward_alternative_hb_gwas_sensitivity_main","rs7969559",379,0.0145120708942819,0.0567885965920952,-0.0967935784262247,0.125817720214788,0.798301797954919,1.01461788222267,0.907743364609098,1.13407543041566,0.0159190391355801,0.779033810895816,0.00140696824129822,FALSE,FALSE
"APOE_included","chen_forward_alternative_hb_gwas_sensitivity_main","rs797192",379,0.0153913834455737,0.0568410324713815,-0.0960170401983339,0.126799807089481,0.786560667008442,1.01551044082276,0.908448535793587,1.13518973809469,0.0159190391355801,0.779033810895816,0.000527655690006365,FALSE,FALSE
"APOE_included","chen_forward_alternative_hb_gwas_sensitivity_main","rs797344",379,0.0167800911537581,0.0568584369453988,-0.0946624452592236,0.12822262756674,0.767901819129947,1.01692166766367,0.909679949427657,1.13680605889412,0.0159190391355801,0.779033810895816,0.000861052018178064,FALSE,FALSE
"APOE_included","chen_forward_alternative_hb_gwas_sensitivity_main","rs7987209",379,0.0167971508730209,0.0568123041194174,-0.0945549652010373,0.128149266947079,0.767489410905384,1.01693901620981,0.909777727136035,1.13672266515615,0.0159190391355801,0.779033810895816,0.000878111737440828,FALSE,FALSE
"APOE_included","chen_forward_alternative_hb_gwas_sensitivity_main","rs79953286",379,0.0112691786514766,0.0566599538806399,-0.0997843309545776,0.122322688257531,0.842347681740319,1.01133291503912,0.905032584503096,1.13011871898854,0.0159190391355801,0.779033810895816,0.00464986048410352,FALSE,FALSE
"APOE_included","chen_forward_alternative_hb_gwas_sensitivity_main","rs80155616",379,0.0169384822598452,0.0568250117265566,-0.0944385407242056,0.128315505243896,0.765640994194754,1.01708275176822,0.909883653698053,1.13691164770359,0.0159190391355801,0.779033810895816,0.00101944312426515,FALSE,FALSE
"APOE_included","chen_forward_alternative_hb_gwas_sensitivity_main","rs8026198",379,0.011400526422717,0.0564643438635227,-0.0992695875497875,0.122070640395222,0.839989704459481,1.01146576008775,0.905498563976731,1.12983391087541,0.0159190391355801,0.779033810895816,0.00451851271286305,FALSE,FALSE
"APOE_included","chen_forward_alternative_hb_gwas_sensitivity_main","rs80320191",379,0.0175467254815915,0.0568051603352228,-0.0937913887754451,0.128884839738628,0.757402800061774,1.01770157363596,0.910472677251002,1.13755911501734,0.0159190391355801,0.779033810895816,0.00162768634601145,FALSE,FALSE
"APOE_included","chen_forward_alternative_hb_gwas_sensitivity_main","rs8065337",379,0.0116619733227184,0.0565886014183978,-0.0992516854573413,0.122575632102778,0.836725738545449,1.01173023924731,0.905514774440833,1.13040461171879,0.0159190391355801,0.779033810895816,0.00425706581286173,FALSE,FALSE
"APOE_included","chen_forward_alternative_hb_gwas_sensitivity_main","rs8071924",379,0.0163592774386975,0.056827075391059,-0.0950217903277782,0.127740345205173,0.773439957700534,1.01649382310652,0.909353119149809,1.13625792957057,0.0159190391355801,0.779033810895816,0.000440238303117454,FALSE,FALSE
"APOE_included","chen_forward_alternative_hb_gwas_sensitivity_main","rs8179696",379,0.0137966675877624,0.0568416672076958,-0.0976130001393214,0.125206335314846,0.808221520735652,1.01389228081465,0.906999844656018,1.1333822857328,0.0159190391355801,0.779033810895816,0.00212237154781772,FALSE,FALSE
"APOE_included","chen_forward_alternative_hb_gwas_sensitivity_main","rs833805",379,0.0256499021763965,0.057001204879001,-0.0860724593864455,0.137372263739239,0.652718536711524,1.0259816916323,0.917527745313944,1.14725515052898,0.0159190391355801,0.779033810895816,0.00973086304081645,FALSE,FALSE
"APOE_included","chen_forward_alternative_hb_gwas_sensitivity_main","rs847821",379,0.0140680657758501,0.056777554397427,-0.0972159408431068,0.125352072394807,0.804308400385589,1.01416748668608,0.90736004888249,1.1335474735943,0.0159190391355801,0.779033810895816,0.00185097335972995,FALSE,FALSE
"APOE_included","chen_forward_alternative_hb_gwas_sensitivity_main","rs863678",379,0.016009433999634,0.0569258576344531,-0.0955652469638939,0.127584114963162,0.77853163762977,1.01613827160896,0.908859059424812,1.13608042558535,0.0159190391355801,0.779033810895816,0.0000903948640539574,FALSE,FALSE
"APOE_included","chen_forward_alternative_hb_gwas_sensitivity_main","rs871841",379,0.0155255763298105,0.0568984206200912,-0.0959953280855682,0.127046480745189,0.784957143335131,1.01564672424171,0.908468260344768,1.1354697940371,0.0159190391355801,0.779033810895816,0.00039346280576954,FALSE,FALSE
"APOE_included","chen_forward_alternative_hb_gwas_sensitivity_main","rs8887",379,0.015763349865991,0.0570093534662467,-0.0959749829278525,0.127501682659834,0.782160508314037,1.01588824686755,0.908486743462825,1.13598677971888,0.0159190391355801,0.779033810895816,0.000155689269589133,FALSE,FALSE
"APOE_included","chen_forward_alternative_hb_gwas_sensitivity_main","rs9287360",379,0.0161551570648596,0.0568359428385805,-0.0952432908987583,0.127553605028477,0.776224998290148,1.01628635718207,0.909151719220618,1.13604576437453,0.0159190391355801,0.779033810895816,0.000236117929279477,FALSE,FALSE
"APOE_included","chen_forward_alternative_hb_gwas_sensitivity_main","rs9302635",379,0.0196648580615587,0.0567362624843299,-0.0915382164077278,0.130867932530845,0.728890925714969,1.01985948506023,0.912526442003063,1.13981723859331,0.0159190391355801,0.779033810895816,0.00374581892597863,FALSE,FALSE
"APOE_included","chen_forward_alternative_hb_gwas_sensitivity_main","rs9327455",379,0.0214499213989369,0.0564360675120362,-0.0891647709246541,0.132064613722528,0.703889965942153,1.02168162466974,0.914694846041477,1.14118205290563,0.0159190391355801,0.779033810895816,0.00553088226335679,FALSE,FALSE
"APOE_included","chen_forward_alternative_hb_gwas_sensitivity_main","rs9348704",379,0.0205436520579287,0.0579394137880347,-0.0930175989666193,0.134104903082477,0.722910795834099,1.0207561253762,0.911177464373253,1.14351277136745,0.0159190391355801,0.779033810895816,0.00462461292234857,FALSE,FALSE
"APOE_included","chen_forward_alternative_hb_gwas_sensitivity_main","rs9370102",379,0.0145576277779752,0.0568050002743123,-0.0967801727596768,0.125895428315627,0.797739501218186,1.01466410610443,0.907755533595522,1.13416356068774,0.0159190391355801,0.779033810895816,0.00136141135760487,FALSE,FALSE
"APOE_included","chen_forward_alternative_hb_gwas_sensitivity_main","rs9399137",379,0.0123886427611137,0.0572662111502137,-0.0998531310933051,0.124630416615532,0.828727214534385,1.01246569987809,0.904970320277648,1.13272973760634,0.0159190391355801,0.779033810895816,0.00353039637446639,FALSE,FALSE
"APOE_included","chen_forward_alternative_hb_gwas_sensitivity_main","rs9402548",379,0.017134806447284,0.0568020945336489,-0.0941972988386678,0.128466911733236,0.762912785801137,1.01728244931511,0.910103182224964,1.13708379653676,0.0159190391355801,0.779033810895816,0.00121576731170389,FALSE,FALSE
"APOE_included","chen_forward_alternative_hb_gwas_sensitivity_main","rs9415106",379,0.0155107830916303,0.0568461888561917,-0.0959077470665055,0.126929313249766,0.784964459634143,1.01563169964894,0.90854782840507,1.13533676167889,0.0159190391355801,0.779033810895816,0.000408256043949794,FALSE,FALSE
"APOE_included","chen_forward_alternative_hb_gwas_sensitivity_main","rs9456859",379,0.0153126916120469,0.0568416665777861,-0.0960969748804139,0.126722358104508,0.787628023230046,1.01543053158835,0.908375922150905,1.13510182220627,0.0159190391355801,0.779033810895816,0.000606347523533222,FALSE,FALSE
"APOE_included","chen_forward_alternative_hb_gwas_sensitivity_main","rs9474328",379,0.0174070078258083,0.0569101533955949,-0.0941368928295578,0.128950908481174,0.759704977015797,1.01755939269064,0.910158159586546,1.13763427460046,0.0159190391355801,0.779033810895816,0.00148796869022823,FALSE,FALSE
"APOE_included","chen_forward_alternative_hb_gwas_sensitivity_main","rs948705",379,0.0121664633774443,0.0565697240185444,-0.0987101956989027,0.123043122453791,0.829712566263981,1.01224077586057,0.906005234194791,1.13093318851016,0.0159190391355801,0.779033810895816,0.00375257575813582,FALSE,FALSE
"APOE_included","chen_forward_alternative_hb_gwas_sensitivity_main","rs9542593",379,0.0161140448216178,0.0568419184125146,-0.0952961152669108,0.127524204910146,0.776802198602522,1.01624457622901,0.909103695123927,1.1360123649856,0.0159190391355801,0.779033810895816,0.000195005686037683,FALSE,FALSE
"APOE_included","chen_forward_alternative_hb_gwas_sensitivity_main","rs9645770",379,0.0182745260270071,0.056758311644164,-0.0929717647955544,0.129520816849569,0.747474722091686,1.01844252699675,0.911219228394128,1.13828280667811,0.0159190391355801,0.779033810895816,0.00235548689142697,FALSE,FALSE
"APOE_included","chen_forward_alternative_hb_gwas_sensitivity_main","rs9686886",379,0.015948041371709,0.0568357945140681,-0.0954501158758645,0.127346198619283,0.779018330421624,1.01607589012503,0.90896370338096,1.13581016563505,0.0159190391355801,0.779033810895816,0.0000290022361289222,FALSE,FALSE
"APOE_included","chen_forward_alternative_hb_gwas_sensitivity_main","rs9690544",379,0.014513342087439,0.0568502109131019,-0.0969130713022407,0.125939755477119,0.79849842003901,1.0146191719988,0.907634902224147,1.13421383605333,0.0159190391355801,0.779033810895816,0.00140569704814105,FALSE,FALSE
"APOE_included","chen_forward_alternative_hb_gwas_sensitivity_main","rs972874",379,0.0179322256213628,0.0567360640205064,-0.0932704598588297,0.129134911101555,0.751953953938574,1.01809397336506,0.910947092353915,1.13784362154763,0.0159190391355801,0.779033810895816,0.00201318648578269,FALSE,FALSE
"APOE_included","chen_forward_alternative_hb_gwas_sensitivity_main","rs9816588",379,0.0194747570586575,0.0568142174976842,-0.0918811092368035,0.130830623354119,0.731764243448789,1.01966562717617,0.912213596869,1.13977471374381,0.0159190391355801,0.779033810895816,0.00355571792307746,FALSE,FALSE
"APOE_included","chen_forward_alternative_hb_gwas_sensitivity_main","rs9860660",379,0.0165251353963303,0.0568339655599334,-0.0948694371011392,0.1279197078938,0.771233647246389,1.01666243067803,0.909491672585929,1.13646175012615,0.0159190391355801,0.779033810895816,0.000606096260750193,FALSE,FALSE
"APOE_included","chen_forward_alternative_hb_gwas_sensitivity_main","rs9861140",379,0.0137801658963298,0.0567427172011539,-0.0974355598179318,0.124995891610591,0.808118910396151,1.01387555001513,0.907160797279275,1.13314379766129,0.0159190391355801,0.779033810895816,0.0021388732392503,FALSE,FALSE
"APOE_included","chen_forward_alternative_hb_gwas_sensitivity_main","rs9871963",379,0.0167648710431735,0.0568207822983068,-0.0946038622615078,0.128133604347855,0.767957039241003,1.01690619012122,0.909733242767083,1.13670486126404,0.0159190391355801,0.779033810895816,0.00084583190759337,FALSE,FALSE
"APOE_included","chen_forward_alternative_hb_gwas_sensitivity_main","rs9884098",379,0.0181632932985942,0.0566816141830907,-0.0929326705002637,0.129259257097452,0.748631639996569,1.01832924915596,0.911254852564064,1.13798511664292,0.0159190391355801,0.779033810895816,0.00224425416301412,FALSE,FALSE
"APOE_included","chen_forward_alternative_hb_gwas_sensitivity_main","rs9895661",379,0.00730554735427192,0.0567005846508368,-0.103827598561368,0.118438693269912,0.897480848314117,1.00733229796829,0.901380683353006,1.12573785667946,0.0159190391355801,0.779033810895816,0.00861349178130816,FALSE,FALSE
"APOE_included","chen_forward_alternative_hb_gwas_sensitivity_main","rs9907657",379,0.0145899499689368,0.0567912876050225,-0.0967209737369072,0.125900873674781,0.797252325069199,1.01469690280145,0.907809273426681,1.13416973663248,0.0159190391355801,0.779033810895816,0.00132908916664331,FALSE,FALSE
"APOE_excluded","chen_forward_alternative_hb_gwas_apoe_exclusion_sensitivity","rs10052928",379,0.0126947108312684,0.0570583020426682,-0.0991395611723613,0.124528982834898,0.823935059770921,1.0127756307285,0.905616310329669,1.13261484637364,0.0098041549333851,0.863575724074543,0.00289055589788328,FALSE,FALSE
"APOE_excluded","chen_forward_alternative_hb_gwas_apoe_exclusion_sensitivity","rs10111737",379,0.0114094038708169,0.0570993894261235,-0.100505399404385,0.123324207146019,0.841624045420129,1.0114747393624,0.904380229285012,1.13125112119829,0.0098041549333851,0.863575724074543,0.0016052489374318,FALSE,FALSE
"APOE_excluded","chen_forward_alternative_hb_gwas_apoe_exclusion_sensitivity","rs1016181",379,0.0113440301096389,0.0571239876014518,-0.100618985589207,0.123307045808485,0.842586524969539,1.01140861761569,0.904277510018994,1.13123170758255,0.0098041549333851,0.863575724074543,0.00153987517625384,FALSE,FALSE
"APOE_excluded","chen_forward_alternative_hb_gwas_apoe_exclusion_sensitivity","rs10164853",379,0.0106283243488805,0.0571301001592159,-0.101346671963183,0.122603320660944,0.852415582553493,1.01068500561911,0.903619718958483,1.13043591142595,0.0098041549333851,0.863575724074543,0.000824169415495452,FALSE,FALSE
"APOE_excluded","chen_forward_alternative_hb_gwas_apoe_exclusion_sensitivity","rs10224210",379,0.0256162050398837,0.0575874204998408,-0.0872551391398043,0.138487549219572,0.65644772316066,1.02594711956967,0.916443245260954,1.14853538131931,0.0098041549333851,0.863575724074543,0.0158120501064986,FALSE,FALSE
"APOE_excluded","chen_forward_alternative_hb_gwas_apoe_exclusion_sensitivity","rs10305919",379,0.0118869393719816,0.0570652918140625,-0.0999610325835809,0.123734911327544,0.834991460482327,1.01195786980577,0.904872677899408,1.13171582618573,0.0098041549333851,0.863575724074543,0.00208278443859655,FALSE,FALSE
"APOE_excluded","chen_forward_alternative_hb_gwas_apoe_exclusion_sensitivity","rs10448576",379,0.00858992157165113,0.0571772530252059,-0.103477494357752,0.120657337501055,0.88058063494086,1.00862692081227,0.901696315768199,1.12823824118714,0.0098041549333851,0.863575724074543,0.00121423336173397,FALSE,FALSE
"APOE_excluded","chen_forward_alternative_hb_gwas_apoe_exclusion_sensitivity","rs10494964",379,0.0178358385674483,0.0567553680908734,-0.0934046828906636,0.12907636002556,0.753324959432369,1.01799584701549,0.910824830478702,1.13777700152963,0.0098041549333851,0.863575724074543,0.00803168363406325,FALSE,FALSE
"APOE_excluded","chen_forward_alternative_hb_gwas_apoe_exclusion_sensitivity","rs1050162",379,0.00975886291958397,0.0571639813923226,-0.102282540609368,0.121800266448536,0.86444630176001,1.00980663589918,0.902774445189738,1.12952847451471,0.0098041549333851,0.863575724074543,0.0000452920138011258,FALSE,FALSE
"APOE_excluded","chen_forward_alternative_hb_gwas_apoe_exclusion_sensitivity","rs1050331",379,0.00707840075903232,0.0569715892147218,-0.104585914101822,0.118742715619887,0.901121770669294,1.00710351185151,0.900697411473539,1.12608015817912,0.0098041549333851,0.863575724074543,0.00272575417435278,FALSE,FALSE
"APOE_excluded","chen_forward_alternative_hb_gwas_apoe_exclusion_sensitivity","rs10746436",379,0.0114452574393985,0.057148926122318,-0.100566637760345,0.123457152639142,0.841268848963492,1.01151100499146,0.904324848222348,1.13140152593404,0.0098041549333851,0.863575724074543,0.00164110250601341,FALSE,FALSE
"APOE_excluded","chen_forward_alternative_hb_gwas_apoe_exclusion_sensitivity","rs10819461",379,0.00918951006860088,0.0571657977776078,-0.10285545357551,0.121234473712712,0.872288818086095,1.00923186325184,0.902257382134794,1.12888957626796,0.0098041549333851,0.863575724074543,0.000614644864784221,FALSE,FALSE
"APOE_excluded","chen_forward_alternative_hb_gwas_apoe_exclusion_sensitivity","rs10900027",379,0.0117403862392315,0.0571837485438918,-0.100339760906796,0.123820533385259,0.837330056946787,1.01180957507653,0.904530041874463,1.13181273017202,0.0098041549333851,0.863575724074543,0.00193623130584639,FALSE,FALSE
"APOE_excluded","chen_forward_alternative_hb_gwas_apoe_exclusion_sensitivity","rs10901825",379,0.0068464848403923,0.0569690071357327,-0.104812769145644,0.118505738826428,0.904341261942819,1.00686997559683,0.900493106897427,1.12581333493077,0.0098041549333851,0.863575724074543,0.00295767009299279,FALSE,FALSE
"APOE_excluded","chen_forward_alternative_hb_gwas_apoe_exclusion_sensitivity","rs10958605",379,0.00843444881056096,0.0571605801587949,-0.103600288300677,0.120469185921799,0.882692322349993,1.0084701189895,0.901585599720035,1.12802598134942,0.0098041549333851,0.863575724074543,0.00136970612282414,FALSE,FALSE
"APOE_excluded","chen_forward_alternative_hb_gwas_apoe_exclusion_sensitivity","rs10981835",379,0.0130254152160407,0.0571402269771461,-0.0989694296591657,0.125020260091247,0.819681023265355,1.01311061545778,0.905770397310074,1.13317141099045,0.0098041549333851,0.863575724074543,0.00322126028265558,FALSE,FALSE
"APOE_excluded","chen_forward_alternative_hb_gwas_apoe_exclusion_sensitivity","rs11022769",379,0.0148297401724248,0.0566959195249895,-0.0962942620965547,0.125953742441404,0.793655851775429,1.01494024635279,0.908196728870868,1.13422970037269,0.0098041549333851,0.863575724074543,0.00502558523903972,FALSE,FALSE
"APOE_excluded","chen_forward_alternative_hb_gwas_apoe_exclusion_sensitivity","rs11030077",379,0.0094655007316946,0.0571456914980885,-0.102540054604559,0.121471056067948,0.868441803713648,1.00951044026355,0.902541998066079,1.12915668321786,0.0098041549333851,0.863575724074543,0.000338654201690497,FALSE,FALSE
"APOE_excluded","chen_forward_alternative_hb_gwas_apoe_exclusion_sensitivity","rs11068360",379,0.0116996414642534,0.0571318734465975,-0.100278830491078,0.123678113419584,0.837741600866163,1.01176834996293,0.904585156945019,1.13165154891982,0.0098041549333851,0.863575724074543,0.00189548653086829,FALSE,FALSE
"APOE_excluded","chen_forward_alternative_hb_gwas_apoe_exclusion_sensitivity","rs11072506",379,0.0110666080295072,0.0571762617240764,-0.100998864949683,0.123132081008697,0.846526299275531,1.01112806945005,0.903934058895922,1.13103379916732,0.0098041549333851,0.863575724074543,0.00126245309612214,FALSE,FALSE
"APOE_excluded","chen_forward_alternative_hb_gwas_apoe_exclusion_sensitivity","rs11082704",379,0.00759677352140678,0.0570274169014638,-0.104176963605462,0.119370510648276,0.894025204077673,1.00762570221388,0.901065827453846,1.12678732765951,0.0098041549333851,0.863575724074543,0.00220738141197831,FALSE,FALSE
"APOE_excluded","chen_forward_alternative_hb_gwas_apoe_exclusion_sensitivity","rs11122219",379,0.0107322554393066,0.0571568297615353,-0.101295130893303,0.122759641771916,0.851058085297999,1.01079005267255,0.903666293685808,1.13061263623606,0.0098041549333851,0.863575724074543,0.000928100505921493,FALSE,FALSE
"APOE_excluded","chen_forward_alternative_hb_gwas_apoe_exclusion_sensitivity","rs1117199",379,0.0101412903570884,0.0571601805857307,-0.101892663590944,0.122175244305121,0.859179445286372,1.01019288751523,0.90312648482036,1.12995210210155,0.0098041549333851,0.863575724074543,0.000337135423703333,FALSE,FALSE
"APOE_excluded","chen_forward_alternative_hb_gwas_apoe_exclusion_sensitivity","rs111979456",379,0.0131186321976892,0.0570299107523309,-0.0986599928768793,0.124897257272258,0.818067888169831,1.01320505897323,0.906050719356047,1.13303203628441,0.0098041549333851,0.863575724074543,0.00331447726430413,FALSE,FALSE
"APOE_excluded","chen_forward_alternative_hb_gwas_apoe_exclusion_sensitivity","rs112137398",379,0.00909846906776701,0.0571471774952898,-0.102909998823001,0.121106936958535,0.87350250267211,1.0091399859553,0.902208169624752,1.12874561053623,0.0098041549333851,0.863575724074543,0.000705685865618089,FALSE,FALSE
"APOE_excluded","chen_forward_alternative_hb_gwas_apoe_exclusion_sensitivity","rs11258533",379,0.00769493129422911,0.0571437905311517,-0.104306898146828,0.119696760735286,0.892881413556506,1.00772461336302,0.900948755484826,1.12715500209685,0.0098041549333851,0.863575724074543,0.00210922363915599,FALSE,FALSE
"APOE_excluded","chen_forward_alternative_hb_gwas_apoe_exclusion_sensitivity","rs112744418",379,0.00607819175916462,0.0570949127841192,-0.105827837297709,0.117984220816038,0.915219233726524,1.00609670144951,0.89957950878408,1.12522635607359,0.0098041549333851,0.863575724074543,0.00372596317422048,FALSE,FALSE
"APOE_excluded","chen_forward_alternative_hb_gwas_apoe_exclusion_sensitivity","rs113569731",379,0.0069952269022393,0.0570229347498517,-0.10476972520747,0.118760179011949,0.902365317139995,1.00701975065166,0.900531868501266,1.12609982353013,0.0098041549333851,0.863575724074543,0.0028089280311458,FALSE,FALSE
"APOE_excluded","chen_forward_alternative_hb_gwas_apoe_exclusion_sensitivity","rs113954230",379,0.00969594497102271,0.0571593081972342,-0.102336299095556,0.121728189037602,0.865300969334461,1.00974310293591,0.90272591470667,1.12944706396065,0.0098041549333851,0.863575724074543,0.000108209962362389,FALSE,FALSE
"APOE_excluded","chen_forward_alternative_hb_gwas_apoe_exclusion_sensitivity","rs114922507",379,0.00914962572987107,0.057147322425756,-0.102859126224611,0.121158377684353,0.872797622724501,1.00919161150906,0.902254068466116,1.12880367552314,0.0098041549333851,0.863575724074543,0.000654529203514029,FALSE,FALSE
"APOE_excluded","chen_forward_alternative_hb_gwas_apoe_exclusion_sensitivity","rs115136484",379,0.00813414371901215,0.0570768359043933,-0.103736454653599,0.120004742091623,0.886675467525595,1.00816731574705,0.901462842454968,1.12750219828543,0.0098041549333851,0.863575724074543,0.00167001121437295,FALSE,FALSE
"APOE_excluded","chen_forward_alternative_hb_gwas_apoe_exclusion_sensitivity","rs11556924",379,0.0101416523105413,0.0571827007624891,-0.101936441183937,0.12221974580502,0.85922935368675,1.0101932531581,0.903086948982084,1.13000238778379,0.0098041549333851,0.863575724074543,0.000337497377156177,FALSE,FALSE
"APOE_excluded","chen_forward_alternative_hb_gwas_apoe_exclusion_sensitivity","rs11586657",379,0.00852373584665374,0.0571378782067999,-0.103466505438674,0.120513977131982,0.881412882951073,1.00856016631738,0.90170622449049,1.12807650812981,0.0098041549333851,0.863575724074543,0.00128041908673136,FALSE,FALSE
"APOE_excluded","chen_forward_alternative_hb_gwas_apoe_exclusion_sensitivity","rs11615482",379,0.0100290746064383,0.0572011031187711,-0.102085087506353,0.12214323671923,0.860820268889439,1.01007953432218,0.902952718404984,1.12991593564139,0.0098041549333851,0.863575724074543,0.000224919673053197,FALSE,FALSE
"APOE_excluded","chen_forward_alternative_hb_gwas_apoe_exclusion_sensitivity","rs116219813",379,0.0145508851631671,0.0566965011336016,-0.0965742570586919,0.125676027385026,0.797452674839967,1.01465726463826,0.907942473958863,1.13391475144256,0.0098041549333851,0.863575724074543,0.00474673022978204,FALSE,FALSE
"APOE_excluded","chen_forward_alternative_hb_gwas_apoe_exclusion_sensitivity","rs1169301",379,0.0110577985067466,0.0572291003654856,-0.101111238209605,0.123226835223098,0.846786789244124,1.01111916193355,0.903832486586082,1.131140974464,0.0098041549333851,0.863575724074543,0.00125364357336149,FALSE,FALSE
"APOE_excluded","chen_forward_alternative_hb_gwas_apoe_exclusion_sensitivity","rs11694902",379,0.00662508902908356,0.0570559073102204,-0.105204489298948,0.118454667357116,0.907560812668216,1.0066470834763,0.900140434678461,1.12575583945778,0.0098041549333851,0.863575724074543,0.00317906590430153,FALSE,FALSE
"APOE_excluded","chen_forward_alternative_hb_gwas_apoe_exclusion_sensitivity","rs11725455",379,0.00930795282666927,0.0571302343460846,-0.102667306491656,0.121283212144995,0.870577357175947,1.00935140653663,0.902427155200781,1.12894459791695,0.0098041549333851,0.863575724074543,0.000496202106715825,FALSE,FALSE
"APOE_excluded","chen_forward_alternative_hb_gwas_apoe_exclusion_sensitivity","rs11728572",379,0.00864857571140057,0.0571720541807436,-0.103408650482857,0.120705801905658,0.87976053868302,1.00868608269166,0.90175839417339,1.12829292190677,0.0098041549333851,0.863575724074543,0.00115557922198453,FALSE,FALSE
"APOE_excluded","chen_forward_alternative_hb_gwas_apoe_exclusion_sensitivity","rs11748297",379,0.00997313327583306,0.0572685464161336,-0.102273217699789,0.122219484251455,0.861750105299744,1.01002303070947,0.902782861713494,1.13000209222768,0.0098041549333851,0.863575724074543,0.000168978342447963,FALSE,FALSE
"APOE_excluded","chen_forward_alternative_hb_gwas_apoe_exclusion_sensitivity","rs1175550",379,0.00962579740091781,0.0573075818595011,-0.102697063043704,0.12194865784554,0.866609037224947,1.00967227439506,0.902400302479692,1.12969609925972,0.0098041549333851,0.863575724074543,0.000178357532467286,FALSE,FALSE
"APOE_excluded","chen_forward_alternative_hb_gwas_apoe_exclusion_sensitivity","rs117697741",379,0.00904480754600838,0.0571464502783682,-0.102962234999593,0.12105185009161,0.874240753211459,1.0090858354209,0.90216104295035,1.12868343318959,0.0098041549333851,0.863575724074543,0.000759347387376713,FALSE,FALSE
"APOE_excluded","chen_forward_alternative_hb_gwas_apoe_exclusion_sensitivity","rs11784090",379,0.00767874762015631,0.0570893026095505,-0.104216285494563,0.119573780734875,0.893003936629845,1.00770830480829,0.901030396539916,1.12701639309747,0.0098041549333851,0.863575724074543,0.00212540731322879,FALSE,FALSE
"APOE_excluded","chen_forward_alternative_hb_gwas_apoe_exclusion_sensitivity","rs11857093",379,0.00919325560623683,0.0571379063150821,-0.102797040771324,0.121183551983798,0.872175381282981,1.00923564337485,0.902310087057889,1.12883209272257,0.0098041549333851,0.863575724074543,0.000610899327148265,FALSE,FALSE
"APOE_excluded","chen_forward_alternative_hb_gwas_apoe_exclusion_sensitivity","rs12039166",379,0.00974401117379587,0.0571528793092106,-0.102275632272257,0.121763654619849,0.864624567197744,1.0097916386191,0.902780681881483,1.12948712116872,0.0098041549333851,0.863575724074543,0.0000601437595892235,FALSE,FALSE
"APOE_excluded","chen_forward_alternative_hb_gwas_apoe_exclusion_sensitivity","rs12045658",379,0.0122602334012552,0.0570027174540966,-0.0994650928087742,0.123985559611285,0.829703730365397,1.01233569815259,0.905321551549463,1.13199952436799,0.0098041549333851,0.863575724074543,0.00245607846787011,FALSE,FALSE
"APOE_excluded","chen_forward_alternative_hb_gwas_apoe_exclusion_sensitivity","rs12120512",379,0.0107392055584082,0.0571410417921352,-0.101257236354177,0.122735647470993,0.850922064848105,1.01079707780822,0.90370053835237,1.1305855083017,0.0098041549333851,0.863575724074543,0.000935050625023125,FALSE,FALSE
"APOE_excluded","chen_forward_alternative_hb_gwas_apoe_exclusion_sensitivity","rs12125204",379,0.0121298957729595,0.0570015023734707,-0.0995930488790431,0.123852840424962,0.83148329123599,1.012203761317,0.905205717572385,1.1318492962815,0.0098041549333851,0.863575724074543,0.00232574083957438,FALSE,FALSE
"APOE_excluded","chen_forward_alternative_hb_gwas_apoe_exclusion_sensitivity","rs12144146",379,0.010449916252791,0.0571519367000836,-0.101567879679373,0.122467712184955,0.854920045430781,1.01050470731532,0.903419853410863,1.13028262512849,0.0098041549333851,0.863575724074543,0.000645761319405871,FALSE,FALSE
"APOE_excluded","chen_forward_alternative_hb_gwas_apoe_exclusion_sensitivity","rs12156205",379,0.00909469592118871,0.0571452566352832,-0.102910007083966,0.121099398926344,0.873550305339616,1.0091361783294,0.902208162171641,1.12873710204755,0.0098041549333851,0.863575724074543,0.000709459012196389,FALSE,FALSE
"APOE_excluded","chen_forward_alternative_hb_gwas_apoe_exclusion_sensitivity","rs12330549",379,0.0135071096703494,0.0568064864013237,-0.0978336036762451,0.124847823016944,0.812056328416486,1.01359874277752,0.906799779350666,1.13297602707385,0.0098041549333851,0.863575724074543,0.00370295473696428,FALSE,FALSE
"APOE_excluded","chen_forward_alternative_hb_gwas_apoe_exclusion_sensitivity","rs12343333",379,0.00951907978072397,0.0571614354082879,-0.10251733361952,0.121555493180968,0.867740069714832,1.00956453032196,0.902562504942281,1.12925202997369,0.0098041549333851,0.863575724074543,0.000285075152661128,FALSE,FALSE
"APOE_excluded","chen_forward_alternative_hb_gwas_apoe_exclusion_sensitivity","rs12370487",379,0.00828035509971538,0.057133717739206,-0.103701731669128,0.120262441868559,0.884766618239174,1.00831473205897,0.901494144478694,1.12779279279188,0.0098041549333851,0.863575724074543,0.00152379983366972,FALSE,FALSE
"APOE_excluded","chen_forward_alternative_hb_gwas_apoe_exclusion_sensitivity","rs12402990",379,0.0107651278564183,0.0571397051286006,-0.101228694195639,0.122758949908476,0.850562998043006,1.01082328033091,0.903726332284512,1.13061185400678,0.0098041549333851,0.863575724074543,0.000960972923033231,FALSE,FALSE
"APOE_excluded","chen_forward_alternative_hb_gwas_apoe_exclusion_sensitivity","rs12525553",379,0.0131567364504299,0.057590879405444,-0.0997213871842403,0.1260348600851,0.819295072135977,1.01324366713043,0.905089552459113,1.13432171014515,0.0098041549333851,0.863575724074543,0.00335258151704481,FALSE,FALSE
"APOE_excluded","chen_forward_alternative_hb_gwas_apoe_exclusion_sensitivity","rs1256061",379,0.00895540190951519,0.057275976161861,-0.103305511367732,0.121216315186763,0.875752976428178,1.00899562149239,0.901851405532694,1.12886907748341,0.0098041549333851,0.863575724074543,0.000848753023869912,FALSE,FALSE
"APOE_excluded","chen_forward_alternative_hb_gwas_apoe_exclusion_sensitivity","rs12788404",379,0.0112440998756433,0.0571294705926951,-0.100729662486039,0.123217862237326,0.843970077914531,1.01130755236569,0.904177432928523,1.13113082479767,0.0098041549333851,0.863575724074543,0.00143994494225819,FALSE,FALSE
"APOE_excluded","chen_forward_alternative_hb_gwas_apoe_exclusion_sensitivity","rs12811512",379,0.010050291507774,0.0572374244242091,-0.102135060363676,0.122235643379224,0.860616441377461,1.01010096530735,0.902907596405065,1.1300203522234,0.0098041549333851,0.863575724074543,0.000246136574388879,FALSE,FALSE
"APOE_excluded","chen_forward_alternative_hb_gwas_apoe_exclusion_sensitivity","rs128494",379,0.0118885404486144,0.057335809333457,-0.100489645844961,0.12426672674219,0.835737067751101,1.01195949002916,0.904394476604918,1.13231785017572,0.0098041549333851,0.863575724074543,0.00208438551522927,FALSE,FALSE
"APOE_excluded","chen_forward_alternative_hb_gwas_apoe_exclusion_sensitivity","rs12881869",379,0.00647990073673941,0.0570938382298597,-0.105424022193786,0.118383823667264,0.909637633037855,1.00650094071462,0.899942845932484,1.12567608958516,0.0098041549333851,0.863575724074543,0.00332425419664569,FALSE,FALSE
"APOE_excluded","chen_forward_alternative_hb_gwas_apoe_exclusion_sensitivity","rs12889267",379,0.0098922400536979,0.0571919724406139,-0.102204025929905,0.121988506037301,0.862678519134419,1.00994132999665,0.902845329018603,1.12974111650344,0.0098041549333851,0.863575724074543,0.0000880851203128048,FALSE,FALSE
"APOE_excluded","chen_forward_alternative_hb_gwas_apoe_exclusion_sensitivity","rs1290784",379,0.0106436172530095,0.0571984744390316,-0.101465392647492,0.122752627153512,0.852380310159382,1.01070046204619,0.90351244697492,1.13060470544767,0.0098041549333851,0.863575724074543,0.000839462319624437,FALSE,FALSE
"APOE_excluded","chen_forward_alternative_hb_gwas_apoe_exclusion_sensitivity","rs12971201",379,0.0136127885508811,0.0570423423417765,-0.0981902024390009,0.125415779540763,0.811381972542495,1.01370586441811,0.906476473319974,1.13361969096901,0.0098041549333851,0.863575724074543,0.00380863361749596,FALSE,FALSE
"APOE_excluded","chen_forward_alternative_hb_gwas_apoe_exclusion_sensitivity","rs12978075",379,0.0133838737179873,0.0570040204533093,-0.0983440063704988,0.125111753806473,0.8143730946299,1.01347383866763,0.906337064395662,1.13327509379592,0.0098041549333851,0.863575724074543,0.00357971878460223,FALSE,FALSE
"APOE_excluded","chen_forward_alternative_hb_gwas_apoe_exclusion_sensitivity","rs12985",379,0.00650663693121773,0.0571143944829904,-0.105437576255443,0.118450850117879,0.90929891938965,1.00652785107926,0.899930648134327,1.12575154218662,0.0098041549333851,0.863575724074543,0.00329751800216736,FALSE,FALSE
"APOE_excluded","chen_forward_alternative_hb_gwas_apoe_exclusion_sensitivity","rs12987661",379,0.0102954213353917,0.057170871147795,-0.101759486114286,0.12235032878507,0.85708851596601,1.01034860153312,0.9032467689361,1.13014995649783,0.0098041549333851,0.863575724074543,0.000491266402006646,FALSE,FALSE
"APOE_excluded","chen_forward_alternative_hb_gwas_apoe_exclusion_sensitivity","rs13005282",379,0.00612898024335604,0.056949823801513,-0.105492674407609,0.117750634894322,0.914296571384743,1.00614780087354,0.89988106498452,1.12496354973319,0.0098041549333851,0.863575724074543,0.00367517469002906,FALSE,FALSE
"APOE_excluded","chen_forward_alternative_hb_gwas_apoe_exclusion_sensitivity","rs13007705",379,0.0149428875993085,0.0568963216458737,-0.0965739028266039,0.126459678025221,0.792832975213662,1.01505509072716,0.907942795581278,1.13480369272766,0.0098041549333851,0.863575724074543,0.00513873266592337,FALSE,FALSE
"APOE_excluded","chen_forward_alternative_hb_gwas_apoe_exclusion_sensitivity","rs13028787",379,0.0112430669314564,0.0571416194355977,-0.100754507162315,0.123240641025228,0.844016972091156,1.01130650774197,0.904154969211959,1.13115659088027,0.0098041549333851,0.863575724074543,0.00143891199807135,FALSE,FALSE
"APOE_excluded","chen_forward_alternative_hb_gwas_apoe_exclusion_sensitivity","rs13033531",379,0.00696013050102383,0.0569560011989571,-0.104673631848932,0.11859389285098,0.90273913651708,1.00698440850265,0.90061840779084,1.12591258428168,0.0098041549333851,0.863575724074543,0.00284402443236126,FALSE,FALSE
"APOE_excluded","chen_forward_alternative_hb_gwas_apoe_exclusion_sensitivity","rs13052418",379,0.00980910712388467,0.0571591848553554,-0.102222895192612,0.121841109440381,0.863743878233227,1.00985737410474,0.902828293153634,1.1295746087791,0.0098041549333851,0.863575724074543,0.00000495219049957002,FALSE,FALSE
"APOE_excluded","chen_forward_alternative_hb_gwas_apoe_exclusion_sensitivity","rs130595",379,0.00243316456641147,0.0571644766462625,-0.109609209660263,0.114475538793086,0.96604887321916,1.00243612711362,0.896184287036111,1.1212852127389,0.0098041549333851,0.863575724074543,0.00737099036697363,FALSE,FALSE
"APOE_excluded","chen_forward_alternative_hb_gwas_apoe_exclusion_sensitivity","rs130621",379,-0.00154522997746254,0.05815845494637,-0.115535801672348,0.112445341717423,0.978803252250385,0.998455963275683,0.890888676361629,1.11901109201674,0.0098041549333851,0.863575724074543,0.0113493849108476,TRUE,FALSE
"APOE_excluded","chen_forward_alternative_hb_gwas_apoe_exclusion_sensitivity","rs13080281",379,0.0103697797204462,0.057198790005876,-0.101739848691071,0.122479408131963,0.856137058385401,1.01042373221674,0.90326450654933,1.13029584493149,0.0098041549333851,0.863575724074543,0.000565624787061084,FALSE,FALSE
"APOE_excluded","chen_forward_alternative_hb_gwas_apoe_exclusion_sensitivity","rs13107325",379,0.00936902968196309,0.0571553492783011,-0.102655454903507,0.121393514267433,0.86979240300058,1.0094130564291,0.902437850459137,1.12906912977015,0.0098041549333851,0.863575724074543,0.000435125251422011,FALSE,FALSE
"APOE_excluded","chen_forward_alternative_hb_gwas_apoe_exclusion_sensitivity","rs13145825",379,0.0102660575645256,0.0571734263695007,-0.101793858119696,0.122325973248747,0.857498049043494,1.01031893432386,0.90321572306683,1.13012243142471,0.0098041549333851,0.863575724074543,0.000461902631140458,FALSE,FALSE
"APOE_excluded","chen_forward_alternative_hb_gwas_apoe_exclusion_sensitivity","rs13262244",379,0.0108897458907107,0.057125156479043,-0.101075560808214,0.122855052589635,0.848815795781261,1.01094925499031,0.903864733555737,1.13072051405848,0.0098041549333851,0.863575724074543,0.00108559095732556,FALSE,FALSE
"APOE_excluded","chen_forward_alternative_hb_gwas_apoe_exclusion_sensitivity","rs13270641",379,0.0106643051381691,0.0572555938362579,-0.101556658780896,0.122885269057235,0.852242541626167,1.01072137151756,0.903429990650194,1.13075468095445,0.0098041549333851,0.863575724074543,0.000860150204783994,FALSE,FALSE
"APOE_excluded","chen_forward_alternative_hb_gwas_apoe_exclusion_sensitivity","rs13306780",379,0.0113409025465801,0.0572286825234951,-0.10082731519947,0.123509120292631,0.842913500390138,1.01140545437641,0.904089141859776,1.13146032374427,0.0098041549333851,0.863575724074543,0.00153674761319503,FALSE,FALSE
"APOE_excluded","chen_forward_alternative_hb_gwas_apoe_exclusion_sensitivity","rs13389219",379,0.0156040780390794,0.0568321107838133,-0.0957868590971947,0.126995015175354,0.783650870938873,1.01572645737513,0.908657667546049,1.13541135794086,0.0098041549333851,0.863575724074543,0.00579992310569431,FALSE,FALSE
"APOE_excluded","chen_forward_alternative_hb_gwas_apoe_exclusion_sensitivity","rs1340817",379,0.0120827186143505,0.0572220455142429,-0.100072490593566,0.124237927822267,0.832766356625557,1.01215600954602,0.904771828211797,1.13228524111419,0.0098041549333851,0.863575724074543,0.00227856368096542,FALSE,FALSE
"APOE_excluded","chen_forward_alternative_hb_gwas_apoe_exclusion_sensitivity","rs13415550",379,0.0122536009939887,0.0570400463140646,-0.0995448897815779,0.124052091769555,0.829904129194353,1.01232898395221,0.905249312512502,1.13207484124498,0.0098041549333851,0.863575724074543,0.00244944606060362,FALSE,FALSE
"APOE_excluded","chen_forward_alternative_hb_gwas_apoe_exclusion_sensitivity","rs1357531",379,0.00523632247983795,0.056976628422715,-0.106437869228683,0.116910514188359,0.926775116292373,1.00525005597694,0.89903090390953,1.12401884145167,0.0098041549333851,0.863575724074543,0.00456783245354715,FALSE,FALSE
"APOE_excluded","chen_forward_alternative_hb_gwas_apoe_exclusion_sensitivity","rs1360200",379,0.009035723412976,0.0571486284731402,-0.102975588394379,0.121047035220331,0.874370758363637,1.00907666879257,0.902148996118216,1.12867799873722,0.0098041549333851,0.863575724074543,0.000768431520409094,FALSE,FALSE
"APOE_excluded","chen_forward_alternative_hb_gwas_apoe_exclusion_sensitivity","rs13621",379,0.00746485993244625,0.0571423023273837,-0.104534052629226,0.119463772494118,0.896063011931047,1.00749279145774,0.900744124178946,1.12689241882598,0.0098041549333851,0.863575724074543,0.00233929500093885,FALSE,FALSE
"APOE_excluded","chen_forward_alternative_hb_gwas_apoe_exclusion_sensitivity","rs1371044",379,0.0119639369986484,0.0572356957911602,-0.100218026752025,0.124145900749322,0.834425371553259,1.01203579115987,0.904640160777055,1.13218104501221,0.0098041549333851,0.863575724074543,0.00215978206526332,FALSE,FALSE
"APOE_excluded","chen_forward_alternative_hb_gwas_apoe_exclusion_sensitivity","rs1375647",379,0.0129513486219133,0.0570924297036592,-0.0989498135972586,0.124852510841085,0.820541323226816,1.01303558058384,0.905788165132528,1.13298133827867,0.0098041549333851,0.863575724074543,0.00314719368852821,FALSE,FALSE
"APOE_excluded","chen_forward_alternative_hb_gwas_apoe_exclusion_sensitivity","rs138058297",379,0.0105034801835615,0.0571903868085784,-0.101589677961252,0.122596638328375,0.854281648069711,1.01055883536915,0.903400160624878,1.13042835750248,0.0098041549333851,0.863575724074543,0.000699325250176372,FALSE,FALSE
"APOE_excluded","chen_forward_alternative_hb_gwas_apoe_exclusion_sensitivity","rs139767195",379,0.00598570832207241,0.0568140622963209,-0.105369853778717,0.117341270422861,0.91609324515906,1.00600365847104,0.899991595730439,1.12450312387167,0.0098041549333851,0.863575724074543,0.00381844661131268,FALSE,FALSE
"APOE_excluded","chen_forward_alternative_hb_gwas_apoe_exclusion_sensitivity","rs140869992",379,0.0102846747583097,0.0571276090467687,-0.101685438973357,0.122254788489976,0.857129135907639,1.01033774380234,0.903313654253197,1.13004198679529,0.0098041549333851,0.863575724074543,0.000480519824924641,FALSE,FALSE
"APOE_excluded","chen_forward_alternative_hb_gwas_apoe_exclusion_sensitivity","rs141494605",379,0.00905292929694126,0.0571310635700569,-0.10292395530037,0.121029813894253,0.874095151966401,1.00909403099801,0.902195578064717,1.12865856157274,0.0098041549333851,0.863575724074543,0.000751225636443838,FALSE,FALSE
"APOE_excluded","chen_forward_alternative_hb_gwas_apoe_exclusion_sensitivity","rs142552223",379,0.00727769304370868,0.05708274292344,-0.104604483086234,0.119159869173651,0.898549618372151,1.0073042398124,0.900680686592628,1.12655000451115,0.0098041549333851,0.863575724074543,0.00252646188967641,FALSE,FALSE
"APOE_excluded","chen_forward_alternative_hb_gwas_apoe_exclusion_sensitivity","rs1426374",379,0.0088799281263759,0.0571480091829598,-0.103130169872225,0.120890026124977,0.876518019586929,1.00891947164936,0.902009551371224,1.12850079993697,0.0098041549333851,0.863575724074543,0.000924226807009198,FALSE,FALSE
"APOE_excluded","chen_forward_alternative_hb_gwas_apoe_exclusion_sensitivity","rs1445562",379,0.0071909468770774,0.056975639974149,-0.104481307472255,0.118863201226409,0.899564982329413,1.00721686382078,0.900791635322147,1.12621584280383,0.0098041549333851,0.863575724074543,0.00261320805630769,FALSE,FALSE
"APOE_excluded","chen_forward_alternative_hb_gwas_apoe_exclusion_sensitivity","rs14458",379,0.00977144212862968,0.0571923746494244,-0.102325612184242,0.121868496441502,0.864339995208906,1.00981933854785,0.902735562110011,1.1296055448638,0.0098041549333851,0.863575724074543,0.0000327128047554193,FALSE,FALSE
"APOE_excluded","chen_forward_alternative_hb_gwas_apoe_exclusion_sensitivity","rs144703049",379,0.0115287793924767,0.0571578328797147,-0.100500573051764,0.123558131836718,0.840150653909338,1.01159549189436,0.904384594153435,1.13151577972079,0.0098041549333851,0.863575724074543,0.00172462445909163,FALSE,FALSE
"APOE_excluded","chen_forward_alternative_hb_gwas_apoe_exclusion_sensitivity","rs1458281",379,0.011799617655647,0.057056371793137,-0.100030871058902,0.123630106370196,0.836161128795005,1.01186950776573,0.904809485177892,1.13159722297205,0.0098041549333851,0.863575724074543,0.0019954627222619,FALSE,FALSE
"APOE_excluded","chen_forward_alternative_hb_gwas_apoe_exclusion_sensitivity","rs148462165",379,0.0100596829724412,0.0571776884873938,-0.102008586462851,0.122127952407733,0.860343272128989,1.01011045167942,0.903021797872467,1.12989866578625,0.0098041549333851,0.863575724074543,0.000255528039056103,FALSE,FALSE
"APOE_excluded","chen_forward_alternative_hb_gwas_apoe_exclusion_sensitivity","rs148661844",379,0.00996801626900085,0.0571452144382774,-0.102036604030023,0.121972636568025,0.861525111753056,1.01001786242794,0.902996497753013,1.12972318825376,0.0098041549333851,0.863575724074543,0.000163861335615757,FALSE,FALSE
"APOE_excluded","chen_forward_alternative_hb_gwas_apoe_exclusion_sensitivity","rs148967402",379,0.0111483530113144,0.0571368272923804,-0.100839828481751,0.12313653450438,0.845301536763532,1.01121072747409,0.904077828807918,1.13103883623268,0.0098041549333851,0.863575724074543,0.00134419807792927,FALSE,FALSE
"APOE_excluded","chen_forward_alternative_hb_gwas_apoe_exclusion_sensitivity","rs1532085",379,0.00979584291825803,0.0571998569377625,-0.102315876679756,0.121907562516272,0.864022143283304,1.00984397923771,0.902744350738907,1.12964967498047,0.0098041549333851,0.863575724074543,0.00000831201512706443,FALSE,FALSE
"APOE_excluded","chen_forward_alternative_hb_gwas_apoe_exclusion_sensitivity","rs1535099",379,0.0103032582366478,0.0571669661321777,-0.101743995382421,0.122350511855716,0.856971239402264,1.01035651956637,0.90326076099798,1.13015016339513,0.0098041549333851,0.863575724074543,0.000499103303262655,FALSE,FALSE
"APOE_excluded","chen_forward_alternative_hb_gwas_apoe_exclusion_sensitivity","rs1597071",379,0.00985885453658095,0.0571706629283808,-0.102195644803046,0.121913353876207,0.863086878071382,1.00990761314592,0.90285289591155,1.12965621720728,0.0098041549333851,0.863575724074543,0.000054699603195851,FALSE,FALSE
"APOE_excluded","chen_forward_alternative_hb_gwas_apoe_exclusion_sensitivity","rs163790",379,0.0135628689511497,0.0569401065396481,-0.0980397398665606,0.12516547776886,0.811729578809662,1.01365526189015,0.906612874363375,1.13333597945992,0.0098041549333851,0.863575724074543,0.00375871401776458,FALSE,FALSE
"APOE_excluded","chen_forward_alternative_hb_gwas_apoe_exclusion_sensitivity","rs165944",379,0.00931729068044242,0.0571795503965135,-0.102754628096724,0.121389209457609,0.870559414458123,1.00936083175648,0.902348357253564,1.12906426935273,0.0098041549333851,0.863575724074543,0.000486864252942674,FALSE,FALSE
"APOE_excluded","chen_forward_alternative_hb_gwas_apoe_exclusion_sensitivity","rs1678960",379,0.00921128942231823,0.0571660992415233,-0.102834265091067,0.121256843935704,0.871989416253783,1.00925384390894,0.902276499803836,1.12891483006198,0.0098041549333851,0.863575724074543,0.000592865511066864,FALSE,FALSE
"APOE_excluded","chen_forward_alternative_hb_gwas_apoe_exclusion_sensitivity","rs1679431",379,0.00596561293479317,0.0567791160299178,-0.105321454483846,0.117252680353432,0.916322622846363,1.00598344264105,0.90003515574319,1.12440350847438,0.0098041549333851,0.863575724074543,0.00383854199859193,FALSE,FALSE
"APOE_excluded","chen_forward_alternative_hb_gwas_apoe_exclusion_sensitivity","rs16942751",379,0.0137856670668677,0.0568899217480769,-0.097718579559363,0.125289913693098,0.808530839080089,1.01388112753277,0.906904089193434,1.13347701594482,0.0098041549333851,0.863575724074543,0.00398151213348259,FALSE,FALSE
"APOE_excluded","chen_forward_alternative_hb_gwas_apoe_exclusion_sensitivity","rs17045771",379,0.012282624767837,0.0571748537571855,-0.0997800885962466,0.124345338131921,0.829903258774244,1.01235836598609,0.905036423983765,1.13240686675436,0.0098041549333851,0.863575724074543,0.00247846983445193,FALSE,FALSE
"APOE_excluded","chen_forward_alternative_hb_gwas_apoe_exclusion_sensitivity","rs1704773",379,0.0114387826378104,0.0571332910187446,-0.100542467758929,0.12342003303455,0.84131461586316,1.0115044556796,0.90434670601936,1.13135952953621,0.0098041549333851,0.863575724074543,0.00163462770442527,FALSE,FALSE
"APOE_excluded","chen_forward_alternative_hb_gwas_apoe_exclusion_sensitivity","rs17134531",379,0.0072787139170882,0.0571028750962456,-0.104642921271553,0.11920034910573,0.898571043397038,1.00730526814301,0.90064606672685,1.12659560810182,0.0098041549333851,0.863575724074543,0.0025254410162969,FALSE,FALSE
"APOE_excluded","chen_forward_alternative_hb_gwas_apoe_exclusion_sensitivity","rs17162854",379,0.00874672667888298,0.0571289498379741,-0.103226015003546,0.120719468361312,0.878315489310647,1.00878509106537,0.901923102290248,1.12830834177732,0.0098041549333851,0.863575724074543,0.00105742825450212,FALSE,FALSE
"APOE_excluded","chen_forward_alternative_hb_gwas_apoe_exclusion_sensitivity","rs1716990",379,0.00978648566714469,0.0571902238201969,-0.102306353020441,0.121879324354731,0.864128109921194,1.00983452991822,0.902752948209491,1.12961777620084,0.0098041549333851,0.863575724074543,0.0000176692662404079,FALSE,FALSE
"APOE_excluded","chen_forward_alternative_hb_gwas_apoe_exclusion_sensitivity","rs17223841",379,0.0131121784841691,0.0572530047174809,-0.0991037107620934,0.125328067730432,0.818852077121797,1.01319852005914,0.90564877762792,1.13352026349423,0.0098041549333851,0.863575724074543,0.00330802355078402,FALSE,FALSE
"APOE_excluded","chen_forward_alternative_hb_gwas_apoe_exclusion_sensitivity","rs17278406",379,0.00632065580271749,0.0572620612896891,-0.105912984325073,0.118554295930508,0.912107051672282,1.00634067329995,0.89950291552392,1.12586800249328,0.0098041549333851,0.863575724074543,0.0034834991306676,FALSE,FALSE
"APOE_excluded","chen_forward_alternative_hb_gwas_apoe_exclusion_sensitivity","rs1729159",379,0.0105428233298235,0.0571242475586002,-0.101420701885033,0.12250634854468,0.853574543989248,1.01059859471534,0.903552826537357,1.13032629597823,0.0098041549333851,0.863575724074543,0.000738668396438444,FALSE,FALSE
"APOE_excluded","chen_forward_alternative_hb_gwas_apoe_exclusion_sensitivity","rs17322427",379,0.00966395363715892,0.0571743312355833,-0.102397735584584,0.121725642858902,0.865776120072602,1.00971080042389,0.902670456099524,1.12944418819026,0.0098041549333851,0.863575724074543,0.00014020129622618,FALSE,FALSE
"APOE_excluded","chen_forward_alternative_hb_gwas_apoe_exclusion_sensitivity","rs1739375",379,0.00908910808785171,0.0571482639650607,-0.102921489283667,0.121099705459371,0.873633937884189,1.00913053946038,0.902197802896825,1.12873744804281,0.0098041549333851,0.863575724074543,0.000715046845533385,FALSE,FALSE
"APOE_excluded","chen_forward_alternative_hb_gwas_apoe_exclusion_sensitivity","rs174213",379,0.00961313751787606,0.0571711014069427,-0.102442221239732,0.121668496275484,0.866467795622089,1.00965949214307,0.902630301106069,1.12937964615794,0.0098041549333851,0.863575724074543,0.00019101741550904,FALSE,FALSE
"APOE_excluded","chen_forward_alternative_hb_gwas_apoe_exclusion_sensitivity","rs17443062",379,0.00956552085204957,0.0571592209604702,-0.102466552230472,0.121597593934571,0.867095693770824,1.00961141666904,0.902608339483746,1.12929957333595,0.0098041549333851,0.863575724074543,0.000238634081335527,FALSE,FALSE
"APOE_excluded","chen_forward_alternative_hb_gwas_apoe_exclusion_sensitivity","rs17645325",379,0.00926715588895184,0.0571488498278689,-0.102744589773671,0.121278901551575,0.871181258155334,1.00931022893013,0.902357415363345,1.12893973150628,0.0098041549333851,0.863575724074543,0.000536999044433259,FALSE,FALSE
"APOE_excluded","chen_forward_alternative_hb_gwas_apoe_exclusion_sensitivity","rs17659152",379,0.0104406214507437,0.0571501993437361,-0.101573769262979,0.122455012164467,0.855043301031724,1.01049531491775,0.903414532659774,1.13026827060715,0.0098041549333851,0.863575724074543,0.000636466517358646,FALSE,FALSE
"APOE_excluded","chen_forward_alternative_hb_gwas_apoe_exclusion_sensitivity","rs17680229",379,0.0127571165786978,0.0570992640709478,-0.0991574410003598,0.124671674157755,0.823208653577741,1.01283883572087,0.905600118210565,1.13277647221539,0.0098041549333851,0.863575724074543,0.00295296164531272,FALSE,FALSE
"APOE_excluded","chen_forward_alternative_hb_gwas_apoe_exclusion_sensitivity","rs1800961",379,0.00477127426258922,0.0572705409689999,-0.107478986036651,0.117021534561829,0.933604139789936,1.0047826749163,0.898095394796221,1.12414363737055,0.0098041549333851,0.863575724074543,0.00503288067079588,FALSE,FALSE
"APOE_excluded","chen_forward_alternative_hb_gwas_apoe_exclusion_sensitivity","rs1810587",379,0.011053055937657,0.0571402051281117,-0.100941746113442,0.123047857988756,0.84661638338949,1.01111436664244,0.903985692032003,1.13093854409649,0.0098041549333851,0.863575724074543,0.00124890100427191,FALSE,FALSE
"APOE_excluded","chen_forward_alternative_hb_gwas_apoe_exclusion_sensitivity","rs181669",379,0.00827835820794021,0.0571079762280385,-0.103653275199015,0.120209991614896,0.884742647428341,1.00831271856559,0.901537828761148,1.12773364132509,0.0098041549333851,0.863575724074543,0.00152579672544489,FALSE,FALSE
"APOE_excluded","chen_forward_alternative_hb_gwas_apoe_exclusion_sensitivity","rs1830791",379,0.00920492086140501,0.0571606473541472,-0.102829947952723,0.121239789675533,0.872065062541548,1.00924741643482,0.902280395064718,1.12889557741893,0.0098041549333851,0.863575724074543,0.000599234071980087,FALSE,FALSE
"APOE_excluded","chen_forward_alternative_hb_gwas_apoe_exclusion_sensitivity","rs184088518",379,0.00226862201560026,0.0568534306295826,-0.109164102018382,0.113701346049582,0.968170465340698,1.00227119728559,0.896583274300358,1.12041745781193,0.0098041549333851,0.863575724074543,0.00753553291778484,FALSE,FALSE
"APOE_excluded","chen_forward_alternative_hb_gwas_apoe_exclusion_sensitivity","rs1855557",379,0.00863203564042882,0.0571531365146272,-0.103388111928241,0.120652183209098,0.879949325759084,1.00866939909024,0.901776915177617,1.12823242593284,0.0098041549333851,0.863575724074543,0.00117211929295628,FALSE,FALSE
"APOE_excluded","chen_forward_alternative_hb_gwas_apoe_exclusion_sensitivity","rs1863127",379,0.00625328224358822,0.0569107153382301,-0.105291719819343,0.117798284306519,0.912505480056043,1.00627287483103,0.900061918384474,1.1250171548622,0.0098041549333851,0.863575724074543,0.00355087268979688,FALSE,FALSE
"APOE_excluded","chen_forward_alternative_hb_gwas_apoe_exclusion_sensitivity","rs190543502",379,0.0080826835370379,0.0570846436382414,-0.103803217993915,0.119968585067991,0.887402913538979,1.00811543660839,0.901402659793455,1.1274614318988,0.0098041549333851,0.863575724074543,0.0017214713963472,FALSE,FALSE
"APOE_excluded","chen_forward_alternative_hb_gwas_apoe_exclusion_sensitivity","rs1924929",379,0.0120932253333936,0.05701018520734,-0.0996467376729929,0.12383318833978,0.832010340141726,1.0121666440407,0.90515711947373,1.13182705330127,0.0098041549333851,0.863575724074543,0.00228907040000846,FALSE,FALSE
"APOE_excluded","chen_forward_alternative_hb_gwas_apoe_exclusion_sensitivity","rs193537",379,0.00884581887367874,0.0571338526038896,-0.103136532229945,0.120828169977302,0.876958313798294,1.00888505874705,0.902003812482048,1.12843099738372,0.0098041549333851,0.863575724074543,0.000958336059706353,FALSE,FALSE
"APOE_excluded","chen_forward_alternative_hb_gwas_apoe_exclusion_sensitivity","rs1962310",379,0.0114673207336856,0.0571260813644991,-0.100499798740733,0.123434440208104,0.840904191968796,1.01153332250264,0.904385294428674,1.13137582934672,0.0098041549333851,0.863575724074543,0.00166316580030049,FALSE,FALSE
"APOE_excluded","chen_forward_alternative_hb_gwas_apoe_exclusion_sensitivity","rs1968274",379,0.0109154138448906,0.0571546442423312,-0.101107688870079,0.12293851655986,0.848540989826386,1.0109752043225,0.903835694600145,1.13081489242034,0.0098041549333851,0.863575724074543,0.00111125891150547,FALSE,FALSE
"APOE_excluded","chen_forward_alternative_hb_gwas_apoe_exclusion_sensitivity","rs1972294",379,0.0104477422366665,0.0571687190645812,-0.101602947129913,0.122498431603246,0.854992002012415,1.01050251046419,0.90338817333531,1.13031734728656,0.0098041549333851,0.863575724074543,0.000643587303281422,FALSE,FALSE
"APOE_excluded","chen_forward_alternative_hb_gwas_apoe_exclusion_sensitivity","rs1997595",379,0.0120969544429022,0.0573148726666181,-0.100240195983669,0.124434104869474,0.832839398482037,1.012170418528,0.904620105822079,1.13250739127905,0.0098041549333851,0.863575724074543,0.00229279950951711,FALSE,FALSE
"APOE_excluded","chen_forward_alternative_hb_gwas_apoe_exclusion_sensitivity","rs2007471",379,0.0149152206754594,0.0570355577027756,-0.0968744724219809,0.1267049137729,0.793701239950468,1.01502700766375,0.907669936591197,1.13508202128638,0.0098041549333851,0.863575724074543,0.00511106574207428,FALSE,FALSE
"APOE_excluded","chen_forward_alternative_hb_gwas_apoe_exclusion_sensitivity","rs2059427",379,0.00842827493407212,0.0571728131478417,-0.103630438835698,0.120486988703842,0.882802469240695,1.00846389283876,0.901558416841628,1.12804606352887,0.0098041549333851,0.863575724074543,0.00137587999931298,FALSE,FALSE
"APOE_excluded","chen_forward_alternative_hb_gwas_apoe_exclusion_sensitivity","rs2070895",379,0.0119922577892429,0.0571900350973381,-0.10010021100154,0.124084726580026,0.833908548172793,1.01206445321945,0.904746747915215,1.13211178689572,0.0098041549333851,0.863575724074543,0.00218810285585784,FALSE,FALSE
"APOE_excluded","chen_forward_alternative_hb_gwas_apoe_exclusion_sensitivity","rs2089247",379,0.00984909538372037,0.0572050413641771,-0.102272785690067,0.121970976457507,0.863302461053208,1.00989775735124,0.902783251724552,1.12972131278997,0.0098041549333851,0.863575724074543,0.0000449404503352728,FALSE,FALSE
"APOE_excluded","chen_forward_alternative_hb_gwas_apoe_exclusion_sensitivity","rs2098839",379,0.0113433276329529,0.0571726400017832,-0.100715046770542,0.123401702036448,0.842728342699615,1.01140790712497,0.904190648225217,1.1313387907769,0.0098041549333851,0.863575724074543,0.00153917269956781,FALSE,FALSE
"APOE_excluded","chen_forward_alternative_hb_gwas_apoe_exclusion_sensitivity","rs2120833",379,0.00946523805012512,0.0571607696524103,-0.102569870468599,0.121500346568849,0.868479807446904,1.0095101750838,0.902515088397744,1.12918975726708,0.0098041549333851,0.863575724074543,0.000338916883259975,FALSE,FALSE
"APOE_excluded","chen_forward_alternative_hb_gwas_apoe_exclusion_sensitivity","rs2143921",379,0.0116986686846798,0.0572268909045348,-0.100466037488208,0.123863374857568,0.838020555597989,1.01176736573583,0.904415828124403,1.13186121973443,0.0098041549333851,0.863575724074543,0.00189451375129475,FALSE,FALSE
"APOE_excluded","chen_forward_alternative_hb_gwas_apoe_exclusion_sensitivity","rs2184540",379,0.0121135602926131,0.05709577704414,-0.0997941627139014,0.124021283299128,0.831980568897064,1.01218722661741,0.905023686484287,1.13203996428797,0.0098041549333851,0.863575724074543,0.00230940535922798,FALSE,FALSE
"APOE_excluded","chen_forward_alternative_hb_gwas_apoe_exclusion_sensitivity","rs218476",379,0.00439451957450613,0.0566227777846564,-0.10658612488342,0.115375164032433,0.938137925198516,1.00440418963555,0.898897627373987,1.12229440309528,0.0098041549333851,0.863575724074543,0.00540963535887897,FALSE,FALSE
"APOE_excluded","chen_forward_alternative_hb_gwas_apoe_exclusion_sensitivity","rs2229357",379,0.00889727513459584,0.057197404311795,-0.103209637316522,0.121004187585714,0.876384722511299,1.00893697353553,0.901937873825498,1.1286296385908,0.0098041549333851,0.863575724074543,0.00090687979878926,FALSE,FALSE
"APOE_excluded","chen_forward_alternative_hb_gwas_apoe_exclusion_sensitivity","rs2235365",379,0.00748361599111331,0.0570604888632201,-0.104354942180798,0.119322174163025,0.895654806309297,1.00751168822885,0.900905471311994,1.12673286403677,0.0098041549333851,0.863575724074543,0.00232053894227179,FALSE,FALSE
"APOE_excluded","chen_forward_alternative_hb_gwas_apoe_exclusion_sensitivity","rs2250734",379,0.00408521989574049,0.0571366968727918,-0.107902705974932,0.116073145766413,0.943000575751002,1.00409357578121,0.897714934480971,1.12307801753126,0.0098041549333851,0.863575724074543,0.00571893503764461,FALSE,FALSE
"APOE_excluded","chen_forward_alternative_hb_gwas_apoe_exclusion_sensitivity","rs2297352",379,0.0109120773091977,0.0571396863129833,-0.10108170786425,0.122905862482645,0.848547569458963,1.01097183117327,0.903859177465648,1.13077796730641,0.0098041549333851,0.863575724074543,0.00110792237581256,FALSE,FALSE
"APOE_excluded","chen_forward_alternative_hb_gwas_apoe_exclusion_sensitivity","rs2300484",379,0.00976913960887326,0.0571652290800109,-0.102274709387948,0.121812988605695,0.864307871785797,1.00981701342155,0.902781515043993,1.12954284464488,0.0098041549333851,0.863575724074543,0.0000350153245118404,FALSE,FALSE
"APOE_excluded","chen_forward_alternative_hb_gwas_apoe_exclusion_sensitivity","rs2309426",379,0.0114857850048554,0.0570846097241954,-0.100400050054568,0.123371620064278,0.840537239583555,1.01155199990063,0.904475510172956,1.13130475838677,0.0098041549333851,0.863575724074543,0.0016816300714703,FALSE,FALSE
"APOE_excluded","chen_forward_alternative_hb_gwas_apoe_exclusion_sensitivity","rs2335",379,0.010164292773239,0.0571473509690875,-0.101844515126173,0.122173100672651,0.858832032962405,1.01021612465967,0.903169970020963,1.12994967990213,0.0098041549333851,0.863575724074543,0.000360137839853907,FALSE,FALSE
"APOE_excluded","chen_forward_alternative_hb_gwas_apoe_exclusion_sensitivity","rs2403966",379,0.00943058163350112,0.0572470993345022,-0.102773733062123,0.121634896329125,0.869152832335641,1.00947518968483,0.902331118084098,1.12934169969991,0.0098041549333851,0.863575724074543,0.000373573299883979,FALSE,FALSE
"APOE_excluded","chen_forward_alternative_hb_gwas_apoe_exclusion_sensitivity","rs241809",379,0.0123423079238628,0.0570462689809928,-0.0994683792788831,0.124152995126609,0.828710187763574,1.01241878853149,0.905318576242134,1.13218907716019,0.0098041549333851,0.863575724074543,0.00253815299047769,FALSE,FALSE
"APOE_excluded","chen_forward_alternative_hb_gwas_apoe_exclusion_sensitivity","rs2469076",379,0.00983264972125118,0.0571715061682733,-0.102223502368564,0.121888801811067,0.863449208338814,1.00988114905016,0.902827744978172,1.12962848215473,0.0098041549333851,0.863575724074543,0.0000284947878660853,FALSE,FALSE
"APOE_excluded","chen_forward_alternative_hb_gwas_apoe_exclusion_sensitivity","rs2541113",379,0.0110169430521886,0.0571379527142607,-0.100973444267762,0.12300733037214,0.847105381218641,1.01107785304443,0.903957037808179,1.13089271078153,0.0098041549333851,0.863575724074543,0.00121278811880355,FALSE,FALSE
"APOE_excluded","chen_forward_alternative_hb_gwas_apoe_exclusion_sensitivity","rs2542404",379,0.0115634037197463,0.0571320603350515,-0.100415434536955,0.123542241976447,0.839605742706718,1.01163051831412,0.904461595392437,1.13149780023601,0.0098041549333851,0.863575724074543,0.0017592487863612,FALSE,FALSE
"APOE_excluded","chen_forward_alternative_hb_gwas_apoe_exclusion_sensitivity","rs2561566",379,0.0116767974473065,0.0571761563489991,-0.100388468996732,0.123742063891345,0.838177717996089,1.01174523737359,0.904485985016806,1.13172392088433,0.0098041549333851,0.863575724074543,0.0018726425139214,FALSE,FALSE
"APOE_excluded","chen_forward_alternative_hb_gwas_apoe_exclusion_sensitivity","rs2576161",379,0.00886730867023348,0.0571398282406507,-0.103126754681442,0.120861372021909,0.876674584453911,1.00890673971467,0.902012631911191,1.12846846422201,0.0098041549333851,0.863575724074543,0.000936846263151615,FALSE,FALSE
"APOE_excluded","chen_forward_alternative_hb_gwas_apoe_exclusion_sensitivity","rs2584724",379,0.0149870575307158,0.0568449622246586,-0.096429068429615,0.126403183491047,0.79205120965317,1.01509992663108,0.908074306451995,1.13473958433257,0.0098041549333851,0.863575724074543,0.00518290259733069,FALSE,FALSE
"APOE_excluded","chen_forward_alternative_hb_gwas_apoe_exclusion_sensitivity","rs258753",379,0.00834723934145494,0.0571347937817466,-0.103636956470768,0.120331435153678,0.883844574604874,1.00838217468066,0.901552540832021,1.12787060560584,0.0098041549333851,0.863575724074543,0.00145691559193016,FALSE,FALSE
"APOE_excluded","chen_forward_alternative_hb_gwas_apoe_exclusion_sensitivity","rs263423",379,0.00810151536288871,0.0570637582605148,-0.10374345082772,0.119946481553498,0.887101299127844,1.00813442144148,0.90145653568602,1.12743651131412,0.0098041549333851,0.863575724074543,0.00170263957049639,FALSE,FALSE
"APOE_excluded","chen_forward_alternative_hb_gwas_apoe_exclusion_sensitivity","rs2690078",379,0.00780536518281847,0.0572605237406232,-0.104425261348803,0.12003599171444,0.891573689774588,1.00783590645585,0.90084212261614,1.12753743285438,0.0098041549333851,0.863575724074543,0.00199878975056662,FALSE,FALSE
"APOE_excluded","chen_forward_alternative_hb_gwas_apoe_exclusion_sensitivity","rs2748427",379,0.00993211811507159,0.0571866223653179,-0.102153661720952,0.122017897951095,0.862117704745693,1.00998160530203,0.902890801254484,1.12977432224493,0.0098041549333851,0.863575724074543,0.000127963181686489,FALSE,FALSE
"APOE_excluded","chen_forward_alternative_hb_gwas_apoe_exclusion_sensitivity","rs2800710",379,0.00688513456384476,0.0572588511645987,-0.105342213718769,0.119112482846458,0.904288462723118,1.00690889159498,0.900016471895885,1.12649662270883,0.0098041549333851,0.863575724074543,0.00291902036954034,FALSE,FALSE
"APOE_excluded","chen_forward_alternative_hb_gwas_apoe_exclusion_sensitivity","rs2834287",379,0.00974132260624981,0.0572100341334466,-0.102390344295305,0.121872989507805,0.864795465162859,1.00978892372972,0.902677128022645,1.12961062026781,0.0098041549333851,0.863575724074543,0.0000628323271352829,FALSE,FALSE
"APOE_excluded","chen_forward_alternative_hb_gwas_apoe_exclusion_sensitivity","rs2835435",379,0.00926715492020408,0.057303859346225,-0.103048409398397,0.121582719238805,0.871526700641751,1.00931022795237,0.902083303114489,1.1292827754733,0.0098041549333851,0.863575724074543,0.000537000013181016,FALSE,FALSE
"APOE_excluded","chen_forward_alternative_hb_gwas_apoe_exclusion_sensitivity","rs28412508",379,0.009518319448387,0.0571432309929986,-0.10248241329789,0.121519052194664,0.867708793387378,1.0095637627177,0.902594023265557,1.12921087966571,0.0098041549333851,0.863575724074543,0.000285835484998097,FALSE,FALSE
"APOE_excluded","chen_forward_alternative_hb_gwas_apoe_exclusion_sensitivity","rs28485566",379,0.00886974913084546,0.0571484512609524,-0.103141215340621,0.120880713602312,0.876659378967302,1.00890920191483,0.901999588308255,1.12849029079663,0.0098041549333851,0.863575724074543,0.000934405802539635,FALSE,FALSE
"APOE_excluded","chen_forward_alternative_hb_gwas_apoe_exclusion_sensitivity","rs28500790",379,0.0114126217427521,0.0572212449470985,-0.100741018353561,0.123566261839065,0.841912878137606,1.01147799416381,0.904167165267678,1.13152497898413,0.0098041549333851,0.863575724074543,0.00160846680936697,FALSE,FALSE
"APOE_excluded","chen_forward_alternative_hb_gwas_apoe_exclusion_sensitivity","rs2859337",379,0.010286390305326,0.0571747484575839,-0.101776116671538,0.12234889728219,0.857222107952391,1.01033947708573,0.903231747563904,1.13014833868607,0.0098041549333851,0.863575724074543,0.000482235371940932,FALSE,FALSE
"APOE_excluded","chen_forward_alternative_hb_gwas_apoe_exclusion_sensitivity","rs28606370",379,0.00647212269157557,0.0569981192367483,-0.105244191012451,0.118188436395602,0.909594716315006,1.00649311213529,0.900104698270214,1.12545616829085,0.0098041549333851,0.863575724074543,0.00333203224180953,FALSE,FALSE
"APOE_excluded","chen_forward_alternative_hb_gwas_apoe_exclusion_sensitivity","rs2870238",379,0.0123234913140918,0.0572378859449326,-0.0998627651379762,0.12450974776616,0.829531053269025,1.01239973842145,0.904961601795153,1.13259306065875,0.0098041549333851,0.863575724074543,0.00251933638070666,FALSE,FALSE
"APOE_excluded","chen_forward_alternative_hb_gwas_apoe_exclusion_sensitivity","rs290671",379,0.00797374453690216,0.0570938255589827,-0.103930153558704,0.119877642632508,0.888928343280914,1.00800561950249,0.901288246999412,1.12735890247248,0.0098041549333851,0.863575724074543,0.00183041039648294,FALSE,FALSE
"APOE_excluded","chen_forward_alternative_hb_gwas_apoe_exclusion_sensitivity","rs2943636",379,0.00687987192021826,0.0570614642812651,-0.104960598071061,0.118720341911498,0.904032032165904,1.00690359260626,0.900359997808018,1.12605496387189,0.0098041549333851,0.863575724074543,0.00292428301316684,FALSE,FALSE
"APOE_excluded","chen_forward_alternative_hb_gwas_apoe_exclusion_sensitivity","rs2946844",379,0.00353192935316973,0.0568833510215282,-0.107959438649026,0.115023297355365,0.950490571256653,1.00353817396533,0.897664006156827,1.12189957456055,0.0098041549333851,0.863575724074543,0.00627222558021536,FALSE,FALSE
"APOE_excluded","chen_forward_alternative_hb_gwas_apoe_exclusion_sensitivity","rs2972343",379,0.0138185772171923,0.057013503316205,-0.0979278892825696,0.125565043716954,0.808490564140061,1.01391449506215,0.906714285214152,1.13378891240733,0.0098041549333851,0.863575724074543,0.00401442228380716,FALSE,FALSE
"APOE_excluded","chen_forward_alternative_hb_gwas_apoe_exclusion_sensitivity","rs3130408",379,0.00664122225222224,0.0570454012304728,-0.105167764159504,0.118450208663949,0.907319732126396,1.00666332406933,0.900173493068477,1.1257508200691,0.0098041549333851,0.863575724074543,0.00316293268116286,FALSE,FALSE
"APOE_excluded","chen_forward_alternative_hb_gwas_apoe_exclusion_sensitivity","rs323618",379,0.0095896463967862,0.0571596155423708,-0.102443200066261,0.121622492859833,0.866764531438829,1.00963577438826,0.902629417588017,1.12932769203169,0.0098041549333851,0.863575724074543,0.000214508536598901,FALSE,FALSE
"APOE_excluded","chen_forward_alternative_hb_gwas_apoe_exclusion_sensitivity","rs332362",379,0.00871371319891658,0.0571519364599486,-0.103304082262583,0.120731508660416,0.878819597398468,1.0087517881087,0.901852694374103,1.12832192702902,0.0098041549333851,0.863575724074543,0.00109044173446852,FALSE,FALSE
"APOE_excluded","chen_forward_alternative_hb_gwas_apoe_exclusion_sensitivity","rs333947",379,0.00935410466654616,0.0571600812031682,-0.102679654491663,0.121387863824756,0.870008645317964,1.0093979910361,0.90241601209906,1.12906275004778,0.0098041549333851,0.863575724074543,0.00045005026683894,FALSE,FALSE
"APOE_excluded","chen_forward_alternative_hb_gwas_apoe_exclusion_sensitivity","rs339995",379,0.0145374262516265,0.056909339499532,-0.0970048791674562,0.126079731670709,0.79837643255099,1.01464360854779,0.907551578026346,1.13437261010085,0.0098041549333851,0.863575724074543,0.00473327131824141,FALSE,FALSE
"APOE_excluded","chen_forward_alternative_hb_gwas_apoe_exclusion_sensitivity","rs34130368",379,0.0126056055618713,0.0570886679871534,-0.0992881836929494,0.124499394816692,0.825242330306535,1.01268539110355,0.905481725352369,1.13258133504072,0.0098041549333851,0.863575724074543,0.00280145062848617,FALSE,FALSE
"APOE_excluded","chen_forward_alternative_hb_gwas_apoe_exclusion_sensitivity","rs34579268",379,0.00645246263591784,0.0570920556735646,-0.105447966484269,0.118352891756104,0.910015830791466,1.0064733246192,0.899921297697543,1.12564127081087,0.0098041549333851,0.863575724074543,0.00335169229746726,FALSE,FALSE
"APOE_excluded","chen_forward_alternative_hb_gwas_apoe_exclusion_sensitivity","rs34651",379,0.0128016390762071,0.0571242305437329,-0.0991618527895093,0.124765130941924,0.822678143831004,1.01288393083927,0.905596122902603,1.13288234280875,0.0098041549333851,0.863575724074543,0.00299748414282204,FALSE,FALSE
"APOE_excluded","chen_forward_alternative_hb_gwas_apoe_exclusion_sensitivity","rs34761529",379,0.0113268436150754,0.0571384414461291,-0.100664501619338,0.123318188849488,0.84286114076868,1.01139123519635,0.904236351833287,1.13124431301408,0.0098041549333851,0.863575724074543,0.00152268868169026,FALSE,FALSE
"APOE_excluded","chen_forward_alternative_hb_gwas_apoe_exclusion_sensitivity","rs34880730",379,0.0103281780204851,0.0571512843230488,-0.101688339252691,0.122344695293661,0.856590135098024,1.01038169774616,0.903311034395072,1.13014358982569,0.0098041549333851,0.863575724074543,0.00052402308710002,FALSE,FALSE
"APOE_excluded","chen_forward_alternative_hb_gwas_apoe_exclusion_sensitivity","rs34952318",379,0.0111576875867923,0.0571787735557713,-0.10091270858252,0.123228083756104,0.845285789892303,1.01122016674101,0.904011941925603,1.13114238673172,0.0098041549333851,0.863575724074543,0.00135353265340717,FALSE,FALSE
"APOE_excluded","chen_forward_alternative_hb_gwas_apoe_exclusion_sensitivity","rs35182026",379,0.0090974382463149,0.0572065438018084,-0.10302738760523,0.121222264097859,0.873646868841806,1.00913894571269,0.902102266722431,1.12887579304516,0.0098041549333851,0.863575724074543,0.000706716687070199,FALSE,FALSE
"APOE_excluded","chen_forward_alternative_hb_gwas_apoe_exclusion_sensitivity","rs35226705",379,0.0131359722444518,0.0568789423612303,-0.0983467547835596,0.124618699272463,0.817356644139495,1.01322262814865,0.90633457341046,1.13271646510116,0.0098041549333851,0.863575724074543,0.00333181731106675,FALSE,FALSE
"APOE_excluded","chen_forward_alternative_hb_gwas_apoe_exclusion_sensitivity","rs35240997",379,0.0113976907659063,0.0572677906635867,-0.100847178934724,0.123642560466536,0.842243615744643,1.01146289192205,0.904071183450778,1.13161131608064,0.0098041549333851,0.863575724074543,0.00159353583252122,FALSE,FALSE
"APOE_excluded","chen_forward_alternative_hb_gwas_apoe_exclusion_sensitivity","rs35277578",379,0.0108509762573477,0.0572084973439159,-0.101277678536728,0.122979631051423,0.849564435220175,1.01091006161811,0.903682064929813,1.13086138625547,0.0098041549333851,0.863575724074543,0.00104682132396258,FALSE,FALSE
"APOE_excluded","chen_forward_alternative_hb_gwas_apoe_exclusion_sensitivity","rs35593442",379,0.0093434348883366,0.0571890331777908,-0.102747070140133,0.121433939916807,0.870220754408152,1.00938722104087,0.90235517718905,1.1291147740455,0.0098041549333851,0.863575724074543,0.000460720045048501,FALSE,FALSE
"APOE_excluded","chen_forward_alternative_hb_gwas_apoe_exclusion_sensitivity","rs35659097",379,0.00828813913635317,0.057094230512774,-0.103616552668684,0.12019283094139,0.884579836298804,1.00832258084834,0.901570936119299,1.12771428882232,0.0098041549333851,0.863575724074543,0.00151601579703193,FALSE,FALSE
"APOE_excluded","chen_forward_alternative_hb_gwas_apoe_exclusion_sensitivity","rs35686037",379,0.00949955373411003,0.0571641714958251,-0.102542222397707,0.121541329865927,0.868015137012386,1.00954481771034,0.90254004154384,1.12923603613469,0.0098041549333851,0.863575724074543,0.000304601199275063,FALSE,FALSE
"APOE_excluded","chen_forward_alternative_hb_gwas_apoe_exclusion_sensitivity","rs35925839",379,0.0121515190936836,0.057100622074375,-0.0997657001720914,0.124068738359459,0.831476041762536,1.01222564876021,0.905049446125393,1.13209368658746,0.0098041549333851,0.863575724074543,0.00234736416029849,FALSE,FALSE
"APOE_excluded","chen_forward_alternative_hb_gwas_apoe_exclusion_sensitivity","rs36065733",379,0.0121857233311254,0.0573177967710053,-0.100157158340045,0.124528605002296,0.831639519386656,1.01226027175877,0.904695226462919,1.13261441843491,0.0098041549333851,0.863575724074543,0.00238156839774031,FALSE,FALSE
"APOE_excluded","chen_forward_alternative_hb_gwas_apoe_exclusion_sensitivity","rs369062552",379,0.00610418419291383,0.0572943710582699,-0.106192783081295,0.118401151467123,0.915153340374204,1.00612285269123,0.899251270933502,1.12569559524414,0.0098041549333851,0.863575724074543,0.00369997074047126,FALSE,FALSE
"APOE_excluded","chen_forward_alternative_hb_gwas_apoe_exclusion_sensitivity","rs3733606",379,0.0096120144918069,0.0571491369406286,-0.102400293911825,0.121624322895439,0.866432415362903,1.00965835826978,0.90266814677606,1.12932975874347,0.0098041549333851,0.863575724074543,0.000192140441578201,FALSE,FALSE
"APOE_excluded","chen_forward_alternative_hb_gwas_apoe_exclusion_sensitivity","rs3742943",379,0.0101931115802532,0.0571498017667895,-0.101820499882654,0.122206723043161,0.858442006907157,1.01024523830272,0.903191660128177,1.12998767212762,0.0098041549333851,0.863575724074543,0.000388956646868062,FALSE,FALSE
"APOE_excluded","chen_forward_alternative_hb_gwas_apoe_exclusion_sensitivity","rs3748301",379,0.0113414251719971,0.0571369798068201,-0.10064705524937,0.123329905593364,0.842657517507256,1.01140598296274,0.904252127612834,1.13125756759161,0.0098041549333851,0.863575724074543,0.001537270238612,FALSE,FALSE
"APOE_excluded","chen_forward_alternative_hb_gwas_apoe_exclusion_sensitivity","rs3760047",379,0.0147366482808897,0.0570425618660846,-0.0970667729766361,0.126540069538416,0.796140826939272,1.01484576804311,0.907495407940463,1.1348949249808,0.0098041549333851,0.863575724074543,0.00493249334750465,FALSE,FALSE
"APOE_excluded","chen_forward_alternative_hb_gwas_apoe_exclusion_sensitivity","rs3767844",379,0.00332175433217133,0.057245294185415,-0.108879022271242,0.115522530935585,0.953727377247716,1.0033272774719,0.896838908469816,1.12245980433292,0.0098041549333851,0.863575724074543,0.00648240060121377,FALSE,FALSE
"APOE_excluded","chen_forward_alternative_hb_gwas_apoe_exclusion_sensitivity","rs3772219",379,0.0153084611920931,0.057120076502019,-0.0966468887518642,0.12726381113605,0.788695536216655,1.01542623589985,0.907876530954481,1.13571659294873,0.0098041549333851,0.863575724074543,0.00550430625870798,FALSE,FALSE
"APOE_excluded","chen_forward_alternative_hb_gwas_apoe_exclusion_sensitivity","rs3780908",379,0.0116287913875896,0.0571099293712433,-0.100306670180047,0.123564252955227,0.838649538185835,1.01169666863711,0.904559973926149,1.13152270588417,0.0098041549333851,0.863575724074543,0.00182463645420452,FALSE,FALSE
"APOE_excluded","chen_forward_alternative_hb_gwas_apoe_exclusion_sensitivity","rs3785884",379,0.0150626187030922,0.0572195220433444,-0.0970876445018627,0.127212881908047,0.792363558529902,1.01517663166954,0.907476467324823,1.1356587532523,0.0098041549333851,0.863575724074543,0.00525846376970713,FALSE,FALSE
"APOE_excluded","chen_forward_alternative_hb_gwas_apoe_exclusion_sensitivity","rs3791020",379,0.00860951078822115,0.0571392039052179,-0.103383328866006,0.120602350442448,0.880231249670055,1.00864667921698,0.901781228443039,1.12817620439048,0.0098041549333851,0.863575724074543,0.00119464414516395,FALSE,FALSE
"APOE_excluded","chen_forward_alternative_hb_gwas_apoe_exclusion_sensitivity","rs3807997",379,0.00728625804785013,0.0570381975195053,-0.10450860909038,0.11908112518608,0.89835197705696,1.00731286741433,0.900767042588621,1.12646129896416,0.0098041549333851,0.863575724074543,0.00251789688553497,FALSE,FALSE
"APOE_excluded","chen_forward_alternative_hb_gwas_apoe_exclusion_sensitivity","rs3809627",379,0.00641625577036333,0.0571221716403708,-0.105543200644763,0.11837571218549,0.910565611269125,1.00643688403456,0.899835598529054,1.12566695872111,0.0098041549333851,0.863575724074543,0.00338789916302176,FALSE,FALSE
"APOE_excluded","chen_forward_alternative_hb_gwas_apoe_exclusion_sensitivity","rs3811444",379,0.00884492029488665,0.0572315500440825,-0.103328917791515,0.121018758381288,0.877179062791022,1.00888415218474,0.901830296663549,1.12864608374235,0.0098041549333851,0.863575724074543,0.00095923463849845,FALSE,FALSE
"APOE_excluded","chen_forward_alternative_hb_gwas_apoe_exclusion_sensitivity","rs3814570",379,0.00995094910321216,0.0571614751711089,-0.102085542232161,0.121987440438586,0.86179874810972,1.01000062443274,0.902952307809173,1.1297399126534,0.0098041549333851,0.863575724074543,0.000146794169827061,FALSE,FALSE
"APOE_excluded","chen_forward_alternative_hb_gwas_apoe_exclusion_sensitivity","rs3817996",379,0.010686444654261,0.0571569779643125,-0.101341232155792,0.122714121464314,0.851686836685032,1.01074374864734,0.903624634489079,1.13056117157243,0.0098041549333851,0.863575724074543,0.000882289720875873,FALSE,FALSE
"APOE_excluded","chen_forward_alternative_hb_gwas_apoe_exclusion_sensitivity","rs3824200",379,0.00986611082404939,0.0572132288396225,-0.102271817701611,0.12200403934971,0.863088032717033,1.00991494135246,0.90278412560874,1.12975866526144,0.0098041549333851,0.863575724074543,0.000061955890664293,FALSE,FALSE
"APOE_excluded","chen_forward_alternative_hb_gwas_apoe_exclusion_sensitivity","rs3852500",379,0.0121002096271585,0.0570135554676421,-0.09964635908942,0.123846778343737,0.831924555282434,1.01217371333457,0.905157462151411,1.13184243493992,0.0098041549333851,0.863575724074543,0.00229605469377336,FALSE,FALSE
"APOE_excluded","chen_forward_alternative_hb_gwas_apoe_exclusion_sensitivity","rs3859158",379,0.00790756712377666,0.0571045973318132,-0.104017443646577,0.119832577894131,0.889864915537365,1.00793891450538,0.901209576902742,1.1273080994832,0.0098041549333851,0.863575724074543,0.00189658780960844,FALSE,FALSE
"APOE_excluded","chen_forward_alternative_hb_gwas_apoe_exclusion_sensitivity","rs3916222",379,0.00591060371203272,0.0569855230780047,-0.105781021520856,0.117602228944922,0.917390645737475,1.00592810579579,0.899621624283452,1.12479661083722,0.0098041549333851,0.863575724074543,0.00389355122135237,FALSE,FALSE
"APOE_excluded","chen_forward_alternative_hb_gwas_apoe_exclusion_sensitivity","rs4072932",379,0.0114170494010041,0.0571064990710974,-0.100511688778347,0.123345787580355,0.841538791848444,1.01148247265262,0.904374541317433,1.13127553435225,0.0098041549333851,0.863575724074543,0.00161289446761898,FALSE,FALSE
"APOE_excluded","chen_forward_alternative_hb_gwas_apoe_exclusion_sensitivity","rs41268045",379,0.00927855827387569,0.0571613611006974,-0.102757709483491,0.121314826031243,0.871052128133062,1.00932173753948,0.902345576773561,1.12898028880721,0.0098041549333851,0.863575724074543,0.000525596659509405,FALSE,FALSE
"APOE_excluded","chen_forward_alternative_hb_gwas_apoe_exclusion_sensitivity","rs41278174",379,0.0137883953403898,0.0570855511411011,-0.0980992848961683,0.125676075576948,0.809137279369032,1.01388389368158,0.906558891680144,1.13391480608809,0.0098041549333851,0.863575724074543,0.00398424040700471,FALSE,FALSE
"APOE_excluded","chen_forward_alternative_hb_gwas_apoe_exclusion_sensitivity","rs4148886",379,0.00958348331725862,0.0571594365318937,-0.102449012285253,0.12161597891977,0.866848946581448,1.00962955194186,0.90262417132342,1.12932033568275,0.0098041549333851,0.863575724074543,0.000220671616126478,FALSE,FALSE
"APOE_excluded","chen_forward_alternative_hb_gwas_apoe_exclusion_sensitivity","rs4240624",379,0.00967091070135899,0.057228367917475,-0.102496690416892,0.12183851181961,0.865806035406713,1.00971782507119,0.902581136915267,1.12957167457645,0.0098041549333851,0.863575724074543,0.000133244232026108,FALSE,FALSE
"APOE_excluded","chen_forward_alternative_hb_gwas_apoe_exclusion_sensitivity","rs4242906",379,0.00871561225638785,0.0571670751585078,-0.103331855054287,0.120763079567063,0.878825240920061,1.00875370378814,0.901827647754882,1.12835754973757,0.0098041549333851,0.863575724074543,0.00108854267699725,FALSE,FALSE
"APOE_excluded","chen_forward_alternative_hb_gwas_apoe_exclusion_sensitivity","rs4456287",379,0.0124394472460601,0.0570756088494358,-0.099428746098834,0.124307640590954,0.827470549555114,1.01251713898315,0.905354457607309,1.13236417860473,0.0098041549333851,0.863575724074543,0.00263529231267499,FALSE,FALSE
"APOE_excluded","chen_forward_alternative_hb_gwas_apoe_exclusion_sensitivity","rs446001",379,0.00997504192352917,0.0571858337847347,-0.102109192294551,0.122059276141609,0.861525932188898,1.01002495848944,0.902930953183278,1.12982107122926,0.0098041549333851,0.863575724074543,0.000170886990144073,FALSE,FALSE
"APOE_excluded","chen_forward_alternative_hb_gwas_apoe_exclusion_sensitivity","rs4463178",379,0.0104018551351935,0.0571532484783267,-0.101618511882327,0.122422222152714,0.855583221428181,1.0104561424968,0.903374112431486,1.13023120970489,0.0098041549333851,0.863575724074543,0.000597700201808427,FALSE,FALSE
"APOE_excluded","chen_forward_alternative_hb_gwas_apoe_exclusion_sensitivity","rs459193",379,0.00415910927201888,0.056894988981387,-0.1073550691315,0.115673287675537,0.941725344739944,1.00416777037031,0.898206690893666,1.1226290354698,0.0098041549333851,0.863575724074543,0.00564504566136621,FALSE,FALSE
"APOE_excluded","chen_forward_alternative_hb_gwas_apoe_exclusion_sensitivity","rs4601530",379,0.00848029228884142,0.057172662959353,-0.10357812711149,0.120538711689173,0.882084118588656,1.00851635182723,0.901605580150472,1.1281044109478,0.0098041549333851,0.863575724074543,0.00132386264454368,FALSE,FALSE
"APOE_excluded","chen_forward_alternative_hb_gwas_apoe_exclusion_sensitivity","rs4627465",379,0.00981920432642735,0.0571618451101663,-0.102218012089499,0.121856420742353,0.863611279314585,1.00986757089067,0.902832701768047,1.12959190416945,0.0098041549333851,0.863575724074543,0.0000150493930422494,FALSE,FALSE
"APOE_excluded","chen_forward_alternative_hb_gwas_apoe_exclusion_sensitivity","rs4660253",379,0.007893990657066,0.0571677908739934,-0.104154879455961,0.119942860770093,0.89017356874532,1.00792523034916,0.901085726946021,1.1274324291181,0.0098041549333851,0.863575724074543,0.0019101642763191,FALSE,FALSE
"APOE_excluded","chen_forward_alternative_hb_gwas_apoe_exclusion_sensitivity","rs4665390",379,0.00987515303456254,0.0572122514013728,-0.102260859712128,0.122011165781253,0.8629614765444,1.00992407325725,0.902794018361896,1.12976671643792,0.0098041549333851,0.863575724074543,0.0000709981011774476,FALSE,FALSE
"APOE_excluded","chen_forward_alternative_hb_gwas_apoe_exclusion_sensitivity","rs4760682",379,0.0126802026050643,0.0572479666827465,-0.0995258120931189,0.124886217303247,0.824706155918314,1.01276093725714,0.905266582741601,1.13301952771489,0.0098041549333851,0.863575724074543,0.00287604767167916,FALSE,FALSE
"APOE_excluded","chen_forward_alternative_hb_gwas_apoe_exclusion_sensitivity","rs4761637",379,0.0116630739488689,0.057094258607061,-0.100241672920971,0.123567820818709,0.838136630618323,1.01173135278468,0.904618769755888,1.13152674300992,0.0098041549333851,0.863575724074543,0.00185891901548384,FALSE,FALSE
"APOE_excluded","chen_forward_alternative_hb_gwas_apoe_exclusion_sensitivity","rs477992",379,0.0116253444651719,0.0571257128446215,-0.100341052710286,0.12359174164063,0.838740662627121,1.0116931814032,0.904528873400153,1.13155381038337,0.0098041549333851,0.863575724074543,0.00182118953178685,FALSE,FALSE
"APOE_excluded","chen_forward_alternative_hb_gwas_apoe_exclusion_sensitivity","rs4833291",379,0.00805239971133435,0.0571122289546961,-0.10388756903987,0.119992368462539,0.887875815135746,1.00808490747849,0.901326628742969,1.12748824707775,0.0098041549333851,0.863575724074543,0.00175175522205075,FALSE,FALSE
"APOE_excluded","chen_forward_alternative_hb_gwas_apoe_exclusion_sensitivity","rs4886755",379,0.0103500248119346,0.0573931798868159,-0.102140607766225,0.122840657390094,0.856889228284596,1.01040377158551,0.902902587627056,1.13070423722821,0.0098041549333851,0.863575724074543,0.000545869878549475,FALSE,FALSE
"APOE_excluded","chen_forward_alternative_hb_gwas_apoe_exclusion_sensitivity","rs4925184",379,0.00766892628483872,0.0570666210947048,-0.104181651060783,0.11951950363046,0.893097748674122,1.00769840781573,0.901061603757938,1.12695522357109,0.0098041549333851,0.863575724074543,0.00213522864854638,FALSE,FALSE
"APOE_excluded","chen_forward_alternative_hb_gwas_apoe_exclusion_sensitivity","rs4952672",379,0.0118375524519927,0.0571676074330534,-0.100210958116792,0.123886063020777,0.835957158279365,1.01190789355751,0.90464655537097,1.13188689987783,0.0098041549333851,0.863575724074543,0.0020333975186076,FALSE,FALSE
"APOE_excluded","chen_forward_alternative_hb_gwas_apoe_exclusion_sensitivity","rs4957325",379,0.010185926291081,0.0571899287462948,-0.101906334051657,0.122278186633819,0.858638949505806,1.01023797942462,0.903114138749619,1.13006842798958,0.0098041549333851,0.863575724074543,0.000381771357695949,FALSE,FALSE
"APOE_excluded","chen_forward_alternative_hb_gwas_apoe_exclusion_sensitivity","rs4965500",379,0.00898875603547887,0.057174427228487,-0.103073121332356,0.121050633403313,0.875074325550831,1.0090292762207,0.902061011166917,1.1286820599345,0.0098041549333851,0.863575724074543,0.000815398897906232,FALSE,FALSE
"APOE_excluded","chen_forward_alternative_hb_gwas_apoe_exclusion_sensitivity","rs4985717",379,0.0114798257315124,0.0570778973677262,-0.100392853109231,0.123352504572256,0.840600373614541,1.01154597180372,0.904482019657185,1.13128313314637,0.0098041549333851,0.863575724074543,0.00167567079812729,FALSE,FALSE
"APOE_excluded","chen_forward_alternative_hb_gwas_apoe_exclusion_sensitivity","rs550057",379,0.0314019637139151,0.0577643251642193,-0.0818161136079547,0.144620041035785,0.58670154906122,1.03190020697273,0.92144138364992,1.15560040610777,0.0098041549333851,0.863575724074543,0.02159780878053,FALSE,FALSE
"APOE_excluded","chen_forward_alternative_hb_gwas_apoe_exclusion_sensitivity","rs55714120",379,0.00960935157340208,0.0571692921784858,-0.10244246109643,0.121661164243234,0.866515706584418,1.00965566963553,0.902630084604171,1.12937136554031,0.0098041549333851,0.863575724074543,0.000194803359983021,FALSE,FALSE
"APOE_excluded","chen_forward_alternative_hb_gwas_apoe_exclusion_sensitivity","rs55731973",379,0.00664166235770586,0.0571773000680493,-0.105425845775671,0.118709170491082,0.907526469566945,1.00666376710747,0.899941204814509,1.12604238430874,0.0098041549333851,0.863575724074543,0.00316249257567924,FALSE,FALSE
"APOE_excluded","chen_forward_alternative_hb_gwas_apoe_exclusion_sensitivity","rs55771504",379,0.0118841168841003,0.057184769274413,-0.100198030893749,0.12396626466195,0.835369814375604,1.01195501357097,0.904658250014356,1.13197768270524,0.0098041549333851,0.863575724074543,0.00207996195071519,FALSE,FALSE
"APOE_excluded","chen_forward_alternative_hb_gwas_apoe_exclusion_sensitivity","rs55780348",379,0.00153748396896279,0.0571159038676715,-0.110409687611673,0.113484655549599,0.978524605185081,1.00153866650341,0.895467198319083,1.12017470029538,0.0098041549333851,0.863575724074543,0.00826667096442231,FALSE,FALSE
"APOE_excluded","chen_forward_alternative_hb_gwas_apoe_exclusion_sensitivity","rs55899456",379,0.00788811225947109,0.0570579894766799,-0.103945547114822,0.119721771633764,0.890044984065451,1.00791930538132,0.901274373074988,1.12718319360872,0.0098041549333851,0.863575724074543,0.001916042673914,FALSE,FALSE
"APOE_excluded","chen_forward_alternative_hb_gwas_apoe_exclusion_sensitivity","rs55971447",379,0.00359193938291597,0.0569067745222237,-0.107945338680643,0.115129217446474,0.949671175392069,1.00359839812801,0.897676663280165,1.12201841255926,0.0098041549333851,0.863575724074543,0.00621221555046913,FALSE,FALSE
"APOE_excluded","chen_forward_alternative_hb_gwas_apoe_exclusion_sensitivity","rs56011044",379,0.0108606248969875,0.0572272951729424,-0.10130487364198,0.123026123435955,0.849481134124203,1.01091981557206,0.903657489535109,1.13091396392011,0.0098041549333851,0.863575724074543,0.00105646996360239,FALSE,FALSE
"APOE_excluded","chen_forward_alternative_hb_gwas_apoe_exclusion_sensitivity","rs56242015",379,0.00729321372246044,0.0569764787648637,-0.104380684656672,0.118967112101593,0.898145855674292,1.00731987397923,0.900882280073135,1.12633287495805,0.0098041549333851,0.863575724074543,0.00251094121092466,FALSE,FALSE
"APOE_excluded","chen_forward_alternative_hb_gwas_apoe_exclusion_sensitivity","rs56316046",379,0.0137362322919881,0.0572556831957614,-0.0984849067717042,0.12595737135568,0.810399739449478,1.01383100778632,0.906209370135959,1.13423381640251,0.0098041549333851,0.863575724074543,0.00393207735860298,FALSE,FALSE
"APOE_excluded","chen_forward_alternative_hb_gwas_apoe_exclusion_sensitivity","rs564640",379,0.00386324098671986,0.0566983989126353,-0.107265620882045,0.114992102855485,0.945676827231899,1.00387071292104,0.898287037503193,1.12186457801026,0.0098041549333851,0.863575724074543,0.00594091394666524,FALSE,FALSE
"APOE_excluded","chen_forward_alternative_hb_gwas_apoe_exclusion_sensitivity","rs5756052",379,0.0103578822176578,0.0571605756369922,-0.101676846030847,0.122392610466162,0.856205295502296,1.01041171076908,0.903321416408846,1.13019774214809,0.0098041549333851,0.863575724074543,0.000553727284272679,FALSE,FALSE
"APOE_excluded","chen_forward_alternative_hb_gwas_apoe_exclusion_sensitivity","rs58365266",379,0.00874007509452487,0.0571639298611558,-0.103301227433341,0.12078137762239,0.878481133625083,1.00877838106855,0.901855269013222,1.12837819667534,0.0098041549333851,0.863575724074543,0.00106407983886023,FALSE,FALSE
"APOE_excluded","chen_forward_alternative_hb_gwas_apoe_exclusion_sensitivity","rs58542926",379,0.0114461342550862,0.057137513478152,-0.100543392162092,0.123435660672264,0.841225564861553,1.01151189190057,0.904345870038791,1.13137721015122,0.0098041549333851,0.863575724074543,0.00164197932170111,FALSE,FALSE
"APOE_excluded","chen_forward_alternative_hb_gwas_apoe_exclusion_sensitivity","rs58976956",379,0.00962614999878418,0.0571702241254407,-0.10242748928708,0.121679789284648,0.866286712515329,1.00967263040342,0.902643598710877,1.12939240032465,0.0098041549333851,0.863575724074543,0.000178004934600918,FALSE,FALSE
"APOE_excluded","chen_forward_alternative_hb_gwas_apoe_exclusion_sensitivity","rs592037",379,0.00980124214318758,0.0571695756078591,-0.102251126048216,0.121853610334591,0.863876565736976,1.00984943162722,0.90280280589822,1.12958872956005,0.0098041549333851,0.863575724074543,0.00000291279019751928,FALSE,FALSE
"APOE_excluded","chen_forward_alternative_hb_gwas_apoe_exclusion_sensitivity","rs595035",379,0.0114041174576583,0.0570500746955948,-0.100414028945707,0.123222263861024,0.841561429074618,1.01146939230316,0.904462866696632,1.13113580362087,0.0098041549333851,0.863575724074543,0.00159996252427325,FALSE,FALSE
"APOE_excluded","chen_forward_alternative_hb_gwas_apoe_exclusion_sensitivity","rs59819635",379,0.00949574886975374,0.057142505522205,-0.102503561953768,0.121495059693276,0.86801795204211,1.00954097653655,0.90257493481701,1.12918378739712,0.0098041549333851,0.863575724074543,0.000308406063631361,FALSE,FALSE
"APOE_excluded","chen_forward_alternative_hb_gwas_apoe_exclusion_sensitivity","rs59901009",379,0.0131112785121633,0.0574447443019204,-0.0994804203196006,0.125702977343927,0.819458447565954,1.01319760820924,0.905307675329924,1.13394531081029,0.0098041549333851,0.863575724074543,0.00330712357877821,FALSE,FALSE
"APOE_excluded","chen_forward_alternative_hb_gwas_apoe_exclusion_sensitivity","rs60631754",379,0.00812434814551368,0.0569801992931693,-0.103556842469098,0.119805538760125,0.886620350594818,1.00815744021838,0.901624770707056,1.12727761846053,0.0098041549333851,0.863575724074543,0.00167980678787142,FALSE,FALSE
"APOE_excluded","chen_forward_alternative_hb_gwas_apoe_exclusion_sensitivity","rs6070139",379,0.0147426968035299,0.0571189326635486,-0.0972104112170254,0.126695804824085,0.796325674391312,1.01485190637928,0.907365066258154,1.13507168192944,0.0098041549333851,0.863575724074543,0.00493854187014483,FALSE,FALSE
"APOE_excluded","chen_forward_alternative_hb_gwas_apoe_exclusion_sensitivity","rs6086551",379,0.0132613531623471,0.0568314186533124,-0.0981282273981452,0.124650933722839,0.815493165764957,1.01334967489626,0.906532653977324,1.13275297818233,0.0098041549333851,0.863575724074543,0.00345719822896203,FALSE,FALSE
"APOE_excluded","chen_forward_alternative_hb_gwas_apoe_exclusion_sensitivity","rs6126019",379,0.0133838467198755,0.0571495807481998,-0.098629331546596,0.125397024986347,0.814837662705362,1.01347381130575,0.906078500502308,1.13359843063619,0.0098041549333851,0.863575724074543,0.00357969178649044,FALSE,FALSE
"APOE_excluded","chen_forward_alternative_hb_gwas_apoe_exclusion_sensitivity","rs61880662",379,0.00740191068590423,0.057133598736654,-0.104579942837938,0.119383764209746,0.896918960712864,1.00742937254173,0.900702789791521,1.12680226170359,0.0098041549333851,0.863575724074543,0.00240224424748086,FALSE,FALSE
"APOE_excluded","chen_forward_alternative_hb_gwas_apoe_exclusion_sensitivity","rs62022865",379,0.0106269608940253,0.057152138140543,-0.101391229861439,0.122645151649489,0.852490546801288,1.01068362759667,0.903579456459996,1.13048319966666,0.0098041549333851,0.863575724074543,0.000822805960640187,FALSE,FALSE
"APOE_excluded","chen_forward_alternative_hb_gwas_apoe_exclusion_sensitivity","rs62024491",379,0.00856102348517936,0.0571184674711857,-0.103391172758345,0.120513219728703,0.880857805148734,1.00859777384544,0.901774154995912,1.12807565372129,0.0098041549333851,0.863575724074543,0.00124313144820573,FALSE,FALSE
"APOE_excluded","chen_forward_alternative_hb_gwas_apoe_exclusion_sensitivity","rs62106252",379,0.00892423703942619,0.0570979685623046,-0.102987781342691,0.120836255421543,0.875798978261805,1.00896417676491,0.902137996329197,1.12844012128651,0.0098041549333851,0.863575724074543,0.00087991789395891,FALSE,FALSE
"APOE_excluded","chen_forward_alternative_hb_gwas_apoe_exclusion_sensitivity","rs62398471",379,0.00978999441825699,0.0571728475475139,-0.10226878677487,0.121848775611384,0.864038962184514,1.00983807318247,0.902786861885434,1.12958326832441,0.0098041549333851,0.863575724074543,0.0000141605151281043,FALSE,FALSE
"APOE_excluded","chen_forward_alternative_hb_gwas_apoe_exclusion_sensitivity","rs62435145",379,0.0121467263462537,0.0573858905753305,-0.100329619181394,0.124623071873902,0.832366467212297,1.01222079742996,0.904539215416283,1.13272141802963,0.0098041549333851,0.863575724074543,0.00234257141286863,FALSE,FALSE
"APOE_excluded","chen_forward_alternative_hb_gwas_apoe_exclusion_sensitivity","rs62505281",379,0.00809797840179835,0.0570908443716001,-0.103800076566538,0.119996033370135,0.887203440505457,1.00813085571557,0.901405491488896,1.12749237922556,0.0098041549333851,0.863575724074543,0.00170617653158675,FALSE,FALSE
"APOE_excluded","chen_forward_alternative_hb_gwas_apoe_exclusion_sensitivity","rs6415788",379,0.00860990840965147,0.0572425860062763,-0.10358556016265,0.120805376981953,0.88044044862063,1.0086470802766,0.901598878494976,1.12840527735436,0.0098041549333851,0.863575724074543,0.00119424652373363,FALSE,FALSE
"APOE_excluded","chen_forward_alternative_hb_gwas_apoe_exclusion_sensitivity","rs6426837",379,0.0107706043190528,0.0571392211168783,-0.101222269070029,0.122763477708134,0.850486620414813,1.01082881608199,0.903732138858368,1.13061697320234,0.0098041549333851,0.863575724074543,0.000966449385667669,FALSE,FALSE
"APOE_excluded","chen_forward_alternative_hb_gwas_apoe_exclusion_sensitivity","rs6428637",379,0.00889929014143307,0.0571587770984935,-0.103131912971614,0.12093049325448,0.876274068208294,1.00893900655247,0.902007979080296,1.12854646804901,0.0098041549333851,0.863575724074543,0.000904864791952023,FALSE,FALSE
"APOE_excluded","chen_forward_alternative_hb_gwas_apoe_exclusion_sensitivity","rs6465351",379,0.00985260963011163,0.0571999300273184,-0.102259253223432,0.121964472483656,0.863242067309755,1.00990130638702,0.902795468691446,1.12971396513598,0.0098041549333851,0.863575724074543,0.000048454696726534,FALSE,FALSE
"APOE_excluded","chen_forward_alternative_hb_gwas_apoe_exclusion_sensitivity","rs6474401",379,0.00556960034516713,0.0571809898921767,-0.106505139843499,0.117644340533833,0.922406357033387,1.00558513940456,0.898970427582049,1.12484397880707,0.0098041549333851,0.863575724074543,0.00423455458821797,FALSE,FALSE
"APOE_excluded","chen_forward_alternative_hb_gwas_apoe_exclusion_sensitivity","rs6581572",379,0.00923779804771142,0.0571624979539921,-0.102800697942113,0.121276294037536,0.871616195438676,1.00928059819562,0.90230678716183,1.12893678778392,0.0098041549333851,0.863575724074543,0.000566356885673679,FALSE,FALSE
"APOE_excluded","chen_forward_alternative_hb_gwas_apoe_exclusion_sensitivity","rs6602909",379,0.0104875284471844,0.0572112865185032,-0.101646593129082,0.122621650023451,0.854553039742825,1.01054271532959,0.9033487449163,1.13045663178546,0.0098041549333851,0.863575724074543,0.000683373513799344,FALSE,FALSE
"APOE_excluded","chen_forward_alternative_hb_gwas_apoe_exclusion_sensitivity","rs6672758",379,0.00961259328203142,0.0571844728705831,-0.102468973544311,0.121694160108374,0.86650621352851,1.00965894265033,0.902606153988328,1.12940863074037,0.0098041549333851,0.863575724074543,0.000191561651353679,FALSE,FALSE
"APOE_excluded","chen_forward_alternative_hb_gwas_apoe_exclusion_sensitivity","rs6690625",379,0.00954998423985046,0.0571999978859992,-0.102562011616708,0.121661980096409,0.867403275065569,1.00959573084984,0.902522181158024,1.1293722869419,0.0098041549333851,0.863575724074543,0.000254170693534637,FALSE,FALSE
"APOE_excluded","chen_forward_alternative_hb_gwas_apoe_exclusion_sensitivity","rs6702992",379,0.0104240326879415,0.0571698294068568,-0.101628832949498,0.122476898325381,0.855320219505107,1.0104785521897,0.903364788694706,1.1302930081111,0.0098041549333851,0.863575724074543,0.000619877754556438,FALSE,FALSE
"APOE_excluded","chen_forward_alternative_hb_gwas_apoe_exclusion_sensitivity","rs6706535",379,0.00762069207522276,0.0571019787718284,-0.104299186317561,0.119540570468006,0.893831507935218,1.0076498034517,0.900955703474598,1.12697896520379,0.0098041549333851,0.863575724074543,0.00218346285816234,FALSE,FALSE
"APOE_excluded","chen_forward_alternative_hb_gwas_apoe_exclusion_sensitivity","rs67423398",379,0.0114635413226902,0.0572191765090513,-0.10068604463505,0.123613127280431,0.841211243797182,1.0115294995097,0.904216872065179,1.13157800964433,0.0098041549333851,0.863575724074543,0.00165938638930514,FALSE,FALSE
"APOE_excluded","chen_forward_alternative_hb_gwas_apoe_exclusion_sensitivity","rs6777363",379,0.00425429421976396,0.0570540631076037,-0.107571669471139,0.116080257910667,0.940560013603435,1.00426335657617,0.898012160087832,1.12308600505253,0.0098041549333851,0.863575724074543,0.00554986071362114,FALSE,FALSE
"APOE_excluded","chen_forward_alternative_hb_gwas_apoe_exclusion_sensitivity","rs6795441",379,0.00950802010443865,0.0571633006896682,-0.102532049247311,0.121548089456188,0.86789659336201,1.00955336492681,0.902549223266125,1.1292436693334,0.0098041549333851,0.863575724074543,0.000296134828946444,FALSE,FALSE
"APOE_excluded","chen_forward_alternative_hb_gwas_apoe_exclusion_sensitivity","rs6827412",379,0.012150194976741,0.0571231889116423,-0.099811255290078,0.12411164524356,0.831559700976046,1.01222430845597,0.905008217430187,1.13214226224217,0.0098041549333851,0.863575724074543,0.00234604004335591,FALSE,FALSE
"APOE_excluded","chen_forward_alternative_hb_gwas_apoe_exclusion_sensitivity","rs6850146",379,0.010876646740574,0.0571241575133676,-0.101086701985626,0.122839995466775,0.848992856268045,1.01093601250098,0.90385466349448,1.13070348878895,0.0098041549333851,0.863575724074543,0.00107249180718891,FALSE,FALSE
"APOE_excluded","chen_forward_alternative_hb_gwas_apoe_exclusion_sensitivity","rs6864465",379,0.00829707892257509,0.0571259773446043,-0.103669836672849,0.120263994517999,0.884519975988205,1.00833159507694,0.901522898089624,1.12779454386009,0.0098041549333851,0.863575724074543,0.00150707601081001,FALSE,FALSE
"APOE_excluded","chen_forward_alternative_hb_gwas_apoe_exclusion_sensitivity","rs6904682",379,0.00408102776146408,0.0568471991268467,-0.107339482527155,0.115501538050084,0.942769488407478,1.00408936649493,0.898220690995083,1.12243624091011,0.0098041549333851,0.863575724074543,0.00572312717192101,FALSE,FALSE
"APOE_excluded","chen_forward_alternative_hb_gwas_apoe_exclusion_sensitivity","rs6919729",379,0.00813224186211856,0.0571098377477479,-0.103803040123467,0.120067523847705,0.886766815038885,1.00816539835891,0.901402820126364,1.12757298707552,0.0098041549333851,0.863575724074543,0.00167191307126653,FALSE,FALSE
"APOE_excluded","chen_forward_alternative_hb_gwas_apoe_exclusion_sensitivity","rs6933661",379,0.00781461542917626,0.057059539519749,-0.104022082029532,0.119651312887884,0.89106600178909,1.0078452292294,0.901205396757297,1.12710377649237,0.0098041549333851,0.863575724074543,0.00198953950420884,FALSE,FALSE
"APOE_excluded","chen_forward_alternative_hb_gwas_apoe_exclusion_sensitivity","rs6967414",379,0.00802470604236697,0.0571199593182101,-0.103930414221325,0.119979826306059,0.888273918579127,1.00805699029533,0.901288012067286,1.1274741060324,0.0098041549333851,0.863575724074543,0.00177944889101813,FALSE,FALSE
"APOE_excluded","chen_forward_alternative_hb_gwas_apoe_exclusion_sensitivity","rs699947",379,0.0146278120251421,0.057314205679127,-0.0977080311059468,0.126963655156231,0.798552100587725,1.01473532203993,0.906913655679427,1.13537575197727,0.0098041549333851,0.863575724074543,0.004823657091757,FALSE,FALSE
"APOE_excluded","chen_forward_alternative_hb_gwas_apoe_exclusion_sensitivity","rs7002077",379,0.0105772062650172,0.0571550650939916,-0.101446721319206,0.122601133849241,0.853180741065795,1.0106333426587,0.90352931690992,1.13043343937817,0.0098041549333851,0.863575724074543,0.000773051331632137,FALSE,FALSE
"APOE_excluded","chen_forward_alternative_hb_gwas_apoe_exclusion_sensitivity","rs7028970",379,0.0106746863061964,0.0571474743142378,-0.10133436334971,0.122683735962103,0.851823784301544,1.01073186404041,0.90363084133278,1.13052681942536,0.0098041549333851,0.863575724074543,0.00087053137281135,FALSE,FALSE
"APOE_excluded","chen_forward_alternative_hb_gwas_apoe_exclusion_sensitivity","rs7030248",379,0.00440244405140171,0.0571083952212192,-0.107530010582188,0.116334898684991,0.938552535126469,1.00441214904488,0.89804957105593,1.12337202495711,0.0098041549333851,0.863575724074543,0.00540171088198339,FALSE,FALSE
"APOE_excluded","chen_forward_alternative_hb_gwas_apoe_exclusion_sensitivity","rs7032549",379,0.0105113591148124,0.0572000627150831,-0.101600763806751,0.122623482036375,0.85419795722195,1.01056679752411,0.903390145725787,1.13045870279851,0.0098041549333851,0.863575724074543,0.000707204181427289,FALSE,FALSE
"APOE_excluded","chen_forward_alternative_hb_gwas_apoe_exclusion_sensitivity","rs7037072",379,0.00910640248362762,0.0571558850066275,-0.102919132129362,0.121131937096617,0.873412258599211,1.00914799191423,0.902199929518767,1.1287738296851,0.0098041549333851,0.863575724074543,0.000697752449757481,FALSE,FALSE
"APOE_excluded","chen_forward_alternative_hb_gwas_apoe_exclusion_sensitivity","rs7040714",379,0.0108245213911402,0.0571364987332661,-0.101163016126061,0.122812058908342,0.849739979033686,1.01088331848143,0.903785689234646,1.13067190126609,0.0098041549333851,0.863575724074543,0.00102036645775511,FALSE,FALSE
"APOE_excluded","chen_forward_alternative_hb_gwas_apoe_exclusion_sensitivity","rs7117229",379,0.0122296172713986,0.0571254833680543,-0.0997363301299878,0.124195564672785,0.83048202652398,1.01230470482584,0.905076027856083,1.13223727496127,0.0098041549333851,0.863575724074543,0.00242546233801355,FALSE,FALSE
"APOE_excluded","chen_forward_alternative_hb_gwas_apoe_exclusion_sensitivity","rs711991",379,0.0104766678334471,0.0572054873375948,-0.101646087348239,0.122599423015133,0.854687418285549,1.01053174027509,0.903349201812905,1.13043150539574,0.0098041549333851,0.863575724074543,0.000672512900062002,FALSE,FALSE
"APOE_excluded","chen_forward_alternative_hb_gwas_apoe_exclusion_sensitivity","rs7125217",379,0.0100747381632052,0.0571596484095063,-0.101958172719427,0.122107649045838,0.860092729128647,1.01012565919944,0.903067323729246,1.12987572527762,0.0098041549333851,0.863575724074543,0.00027058322982014,FALSE,FALSE
"APOE_excluded","chen_forward_alternative_hb_gwas_apoe_exclusion_sensitivity","rs7137828",379,0.00089248445208649,0.0580176106685848,-0.11282203245834,0.114607001362513,0.987726632084946,1.00089288283484,0.893309626088301,1.12143262946371,0.0098041549333851,0.863575724074543,0.00891167048129861,FALSE,FALSE
"APOE_excluded","chen_forward_alternative_hb_gwas_apoe_exclusion_sensitivity","rs7182622",379,0.00588049250232063,0.0567138608224164,-0.105278674709616,0.117039659714257,0.917417709743938,1.00589781653967,0.900073659867545,1.12416401282998,0.0098041549333851,0.863575724074543,0.00392366243106447,FALSE,FALSE
"APOE_excluded","chen_forward_alternative_hb_gwas_apoe_exclusion_sensitivity","rs7190771",379,0.00892751332202443,0.0571570552509038,-0.103100314969747,0.120955341613796,0.875881150829484,1.0089674824221,0.902036481180406,1.12857451092556,0.0098041549333851,0.863575724074543,0.000876641611360668,FALSE,FALSE
"APOE_excluded","chen_forward_alternative_hb_gwas_apoe_exclusion_sensitivity","rs7205989",379,0.0106491018304719,0.0571440963796946,-0.101353327073729,0.122651530734673,0.852166190337146,1.01070600532637,0.903613705289372,1.13049041113829,0.0098041549333851,0.863575724074543,0.000844946897086767,FALSE,FALSE
"APOE_excluded","chen_forward_alternative_hb_gwas_apoe_exclusion_sensitivity","rs7219786",379,0.00972428238971895,0.0571566333637708,-0.102302719003272,0.12175128378271,0.864904813919357,1.00977171685442,0.902756228835166,1.12947314855392,0.0098041549333851,0.863575724074543,0.000079872543666152,FALSE,FALSE
"APOE_excluded","chen_forward_alternative_hb_gwas_apoe_exclusion_sensitivity","rs72717436",379,0.00874166041332756,0.057190956162948,-0.103352613666051,0.120835934492706,0.878516252776428,1.00877998030516,0.901808927259172,1.1284397591376,0.0098041549333851,0.863575724074543,0.00106249452005754,FALSE,FALSE
"APOE_excluded","chen_forward_alternative_hb_gwas_apoe_exclusion_sensitivity","rs72781671",379,0.0079873961408513,0.0571312098164553,-0.103989775099401,0.119964567381104,0.888811748183955,1.00801938048992,0.901234512407399,1.12745690212089,0.0098041549333851,0.863575724074543,0.0018167587925338,FALSE,FALSE
"APOE_excluded","chen_forward_alternative_hb_gwas_apoe_exclusion_sensitivity","rs72807710",379,0.00110884860567495,0.0577647093395254,-0.112109981699795,0.114327678911145,0.984684786597833,1.00110946360558,0.893945934400196,1.12111943189619,0.0098041549333851,0.863575724074543,0.00869530632771015,FALSE,FALSE
"APOE_excluded","chen_forward_alternative_hb_gwas_apoe_exclusion_sensitivity","rs73137144",379,0.0103035820866535,0.0571444786150349,-0.101699595998815,0.122306760172122,0.856911112950372,1.01035684677039,0.903300866109318,1.13010071850442,0.0098041549333851,0.863575724074543,0.000499427153268381,FALSE,FALSE
"APOE_excluded","chen_forward_alternative_hb_gwas_apoe_exclusion_sensitivity","rs73163140",379,0.010545633225506,0.0571475803713201,-0.101463624302281,0.122554890753293,0.853595083663017,1.01060143439596,0.903514044698241,1.13038116584483,0.0098041549333851,0.863575724074543,0.000741478292120932,FALSE,FALSE
"APOE_excluded","chen_forward_alternative_hb_gwas_apoe_exclusion_sensitivity","rs73169652",379,0.00654848350069401,0.0569690084110223,-0.10511077298491,0.118207739986298,0.90848620067071,1.0065699716982,0.900224796475093,1.12547789384576,0.0098041549333851,0.863575724074543,0.00325567143269108,FALSE,FALSE
"APOE_excluded","chen_forward_alternative_hb_gwas_apoe_exclusion_sensitivity","rs73175081",379,0.0074443958400517,0.0572936689485298,-0.104851195299067,0.11973998697917,0.896618640615301,1.00747217424312,0.900458505075957,1.12720372582693,0.0098041549333851,0.863575724074543,0.00235975909333339,FALSE,FALSE
"APOE_excluded","chen_forward_alternative_hb_gwas_apoe_exclusion_sensitivity","rs73260456",379,0.00405294640389534,0.0570190461644165,-0.107704384078361,0.115810276886152,0.943333630525251,1.00406117069829,0.897892988664795,1.12278283406932,0.0098041549333851,0.863575724074543,0.00575120852948976,FALSE,FALSE
"APOE_excluded","chen_forward_alternative_hb_gwas_apoe_exclusion_sensitivity","rs73591976",379,0.00345778968161253,0.0570951617023856,-0.108448727255063,0.115364306618288,0.951708142190168,1.00346377473271,0.897224896820922,1.1222822179463,0.0098041549333851,0.863575724074543,0.00634636525177257,FALSE,FALSE
"APOE_excluded","chen_forward_alternative_hb_gwas_apoe_exclusion_sensitivity","rs744056",379,0.00972031318935745,0.0571584224832666,-0.102310194877845,0.12175082125656,0.864963612930935,1.00976770887611,0.902749479968056,1.12947262614317,0.0098041549333851,0.863575724074543,0.0000838417440276427,FALSE,FALSE
"APOE_excluded","chen_forward_alternative_hb_gwas_apoe_exclusion_sensitivity","rs74417235",379,0.00514502151482692,0.0570761326904065,-0.10672419855837,0.117014241588024,0.928173472224145,1.00515827986644,0.898773521843222,1.12413543905034,0.0098041549333851,0.863575724074543,0.00465913341855818,FALSE,FALSE
"APOE_excluded","chen_forward_alternative_hb_gwas_apoe_exclusion_sensitivity","rs74664421",379,0.0127633519825928,0.0569636969286322,-0.0988854939975263,0.124412197962712,0.822709714368322,1.01284515119978,0.90584642693842,1.13248258181697,0.0098041549333851,0.863575724074543,0.00295919704920767,FALSE,FALSE
"APOE_excluded","chen_forward_alternative_hb_gwas_apoe_exclusion_sensitivity","rs747578",379,0.0093669583583128,0.0571785453159419,-0.102702990460933,0.121436907177559,0.869873272586274,1.00941096561013,0.902394953592444,1.12911812442843,0.0098041549333851,0.863575724074543,0.000437196575072293,FALSE,FALSE
"APOE_excluded","chen_forward_alternative_hb_gwas_apoe_exclusion_sensitivity","rs7490694",379,0.011685870718177,0.0570800298079066,-0.10019098770532,0.123562729141674,0.837784774637938,1.01175441725383,0.904664621715313,1.13152098165585,0.0098041549333851,0.863575724074543,0.00188171578479188,FALSE,FALSE
"APOE_excluded","chen_forward_alternative_hb_gwas_apoe_exclusion_sensitivity","rs7521083",379,0.00907299987218378,0.0571440665239705,-0.102929370514798,0.121075370259166,0.873846825638119,1.00911428429893,0.902190692495434,1.12870998032525,0.0098041549333851,0.863575724074543,0.000731155061201321,FALSE,FALSE
"APOE_excluded","chen_forward_alternative_hb_gwas_apoe_exclusion_sensitivity","rs752590",379,0.00972741290667555,0.0572999546248312,-0.102580498157994,0.122035323971345,0.865196516474924,1.00977487796685,0.902505496798679,1.12979400988669,0.0098041549333851,0.863575724074543,0.0000767420267095489,FALSE,FALSE
"APOE_excluded","chen_forward_alternative_hb_gwas_apoe_exclusion_sensitivity","rs7526882",379,0.00971757180126399,0.0571665329801069,-0.102328832839746,0.121763976442273,0.865020300380951,1.00976494071473,0.902732654714437,1.12948748466306,0.0098041549333851,0.863575724074543,0.0000865831321211104,FALSE,FALSE
"APOE_excluded","chen_forward_alternative_hb_gwas_apoe_exclusion_sensitivity","rs7550758",379,0.00929349267873393,0.0571802783308575,-0.102779852849747,0.121366838207215,0.870888753056979,1.0093368112715,0.902325596026186,1.12903901105578,0.0098041549333851,0.863575724074543,0.000510662254651168,FALSE,FALSE
"APOE_excluded","chen_forward_alternative_hb_gwas_apoe_exclusion_sensitivity","rs7551257",379,0.0101020487411371,0.057156350354304,-0.101924397953299,0.122128495435573,0.85970938507861,1.01015324669169,0.903097825131989,1.12989927935285,0.0098041549333851,0.863575724074543,0.000297893807752015,FALSE,FALSE
"APOE_excluded","chen_forward_alternative_hb_gwas_apoe_exclusion_sensitivity","rs7554335",379,0.0213388436488808,0.0569057211317414,-0.0901963697693322,0.132874057067094,0.707670945217824,1.02156814487626,0.913751734435127,1.14210614907458,0.0098041549333851,0.863575724074543,0.0115346887154957,FALSE,FALSE
"APOE_excluded","chen_forward_alternative_hb_gwas_apoe_exclusion_sensitivity","rs7575331",379,0.0063253438773565,0.056962106151319,-0.105320384179229,0.117971071933942,0.911580846291058,1.0063453911112,0.900036119055489,1.12521156070217,0.0098041549333851,0.863575724074543,0.0034788110560286,FALSE,FALSE
"APOE_excluded","chen_forward_alternative_hb_gwas_apoe_exclusion_sensitivity","rs75757892",379,0.00809639350324824,0.0572853019164905,-0.104182798253073,0.12037558525957,0.887605640941904,1.0081292579317,0.901060570067606,1.12792040231177,0.0098041549333851,0.863575724074543,0.00170776143013686,FALSE,FALSE
"APOE_excluded","chen_forward_alternative_hb_gwas_apoe_exclusion_sensitivity","rs7587636",379,0.00956108439623277,0.0571814698555159,-0.102514596520578,0.121636765313044,0.86720796979043,1.00960693758253,0.90256497534854,1.12934381042336,0.0098041549333851,0.863575724074543,0.000243070537152328,FALSE,FALSE
"APOE_excluded","chen_forward_alternative_hb_gwas_apoe_exclusion_sensitivity","rs7647352",379,0.0147129684319752,0.0566299386559423,-0.0962817113336717,0.125707648197622,0.795011098769507,1.01482173693318,0.908208127504193,1.13395060731531,0.0098041549333851,0.863575724074543,0.00490881349859009,FALSE,FALSE
"APOE_excluded","chen_forward_alternative_hb_gwas_apoe_exclusion_sensitivity","rs7667050",379,0.00843082323191886,0.0571165320099367,-0.103517579507557,0.120379225971395,0.88265260857655,1.00846646270841,0.901660171860725,1.12792450875239,0.0098041549333851,0.863575724074543,0.00137333170146623,FALSE,FALSE
"APOE_excluded","chen_forward_alternative_hb_gwas_apoe_exclusion_sensitivity","rs7694958",379,0.00787587491873273,0.0571553339859087,-0.104148579693648,0.119900329531114,0.890400283447847,1.00790697120481,0.901091403589804,1.12738447903972,0.0098041549333851,0.863575724074543,0.00192828001465237,FALSE,FALSE
"APOE_excluded","chen_forward_alternative_hb_gwas_apoe_exclusion_sensitivity","rs7701575",379,0.0095701840182345,0.0571557198719611,-0.102455026930809,0.121595394967278,0.867023437099401,1.00961612466584,0.902618742375285,1.12929709004586,0.0098041549333851,0.863575724074543,0.000233970915150601,FALSE,FALSE
"APOE_excluded","chen_forward_alternative_hb_gwas_apoe_exclusion_sensitivity","rs7718112",379,0.0115771111409449,0.0570937340306185,-0.100326607559067,0.123480829840957,0.839311868080196,1.01164438525477,0.904541939550882,1.13142831467344,0.0098041549333851,0.863575724074543,0.00177295620755979,FALSE,FALSE
"APOE_excluded","chen_forward_alternative_hb_gwas_apoe_exclusion_sensitivity","rs77406312",379,0.00851363172460742,0.0571127853842079,-0.10342742762844,0.120454691077655,0.881500763081538,1.00854997575386,0.901741461883713,1.12800963090713,0.0098041549333851,0.863575724074543,0.00129052320877768,FALSE,FALSE
"APOE_excluded","chen_forward_alternative_hb_gwas_apoe_exclusion_sensitivity","rs77486408",379,0.0096024742752829,0.0571651040309536,-0.102441129625386,0.121646078175952,0.866600663245691,1.00964872595637,0.902631286430792,1.12935432789642,0.0098041549333851,0.863575724074543,0.000201680658102195,FALSE,FALSE
"APOE_excluded","chen_forward_alternative_hb_gwas_apoe_exclusion_sensitivity","rs77542162",379,0.00500055830325134,0.0568378107433347,-0.106401550753685,0.116402667360187,0.929893023656896,1.00501308196132,0.899063555933869,1.12344815697065,0.0098041549333851,0.863575724074543,0.00480359663013376,FALSE,FALSE
"APOE_excluded","chen_forward_alternative_hb_gwas_apoe_exclusion_sensitivity","rs78622623",379,0.0114405663765017,0.0570789300431593,-0.100434136508091,0.123315269261094,0.841141059662006,1.01150625994084,0.904444680335959,1.13124101025113,0.0098041549333851,0.863575724074543,0.00163641144311656,FALSE,FALSE
"APOE_excluded","chen_forward_alternative_hb_gwas_apoe_exclusion_sensitivity","rs7897298",379,0.00840127283596636,0.0571819810548757,-0.10367541003159,0.120477955703523,0.883193837883902,1.00843666256543,0.901517873593101,1.12803587393444,0.0098041549333851,0.863575724074543,0.00140288209741873,FALSE,FALSE
"APOE_excluded","chen_forward_alternative_hb_gwas_apoe_exclusion_sensitivity","rs791270",379,0.0134244691970194,0.0570053718023077,-0.0983060595355037,0.125154997929542,0.813824706683977,1.01351498195871,0.906371457671248,1.1333241023432,0.0098041549333851,0.863575724074543,0.00362031426363427,FALSE,FALSE
"APOE_excluded","chen_forward_alternative_hb_gwas_apoe_exclusion_sensitivity","rs7969559",379,0.00838878094746904,0.0571117076245896,-0.103550165996727,0.120327727891665,0.883223789990009,1.00842406536577,0.901630790400022,1.12786642430174,0.0098041549333851,0.863575724074543,0.00141537398591606,FALSE,FALSE
"APOE_excluded","chen_forward_alternative_hb_gwas_apoe_exclusion_sensitivity","rs797192",379,0.00926798115009627,0.0571642903596102,-0.10277402795474,0.121309990254932,0.871204380938295,1.00931106187499,0.902330851993353,1.12897482932427,0.0098041549333851,0.863575724074543,0.000536173783288831,FALSE,FALSE
"APOE_excluded","chen_forward_alternative_hb_gwas_apoe_exclusion_sensitivity","rs797344",379,0.0106548284167532,0.0571822609025829,-0.101422402952309,0.122732059785816,0.852185190960336,1.01071179323808,0.903551289534519,1.1305814521241,0.0098041549333851,0.863575724074543,0.000850673483368099,FALSE,FALSE
"APOE_excluded","chen_forward_alternative_hb_gwas_apoe_exclusion_sensitivity","rs7987209",379,0.0106789853305876,0.0571359350100431,-0.101307447289097,0.122665417950272,0.851735209455578,1.01073620921069,0.903655163842609,1.13050611061138,0.0098041549333851,0.863575724074543,0.000874830397202484,FALSE,FALSE
"APOE_excluded","chen_forward_alternative_hb_gwas_apoe_exclusion_sensitivity","rs79953286",379,0.00513117525840489,0.0569830716217735,-0.106555645120271,0.116817995637081,0.928249578514939,1.0051443622835,0.898925025978314,1.12391485366732,0.0098041549333851,0.863575724074543,0.00467297967498021,FALSE,FALSE
"APOE_excluded","chen_forward_alternative_hb_gwas_apoe_exclusion_sensitivity","rs80155616",379,0.0108182479917984,0.0571487579148447,-0.101193317521297,0.122829813504894,0.849857858262068,1.01087697682657,0.90375830368218,1.13069197606774,0.0098041549333851,0.863575724074543,0.00101409305841327,FALSE,FALSE
"APOE_excluded","chen_forward_alternative_hb_gwas_apoe_exclusion_sensitivity","rs8026198",379,0.00526936609914748,0.0567878936472775,-0.106034905449516,0.116573637647811,0.926070151488483,1.00528327362591,0.899393253802196,1.12364024964578,0.0098041549333851,0.863575724074543,0.00453478883423762,FALSE,FALSE
"APOE_excluded","chen_forward_alternative_hb_gwas_apoe_exclusion_sensitivity","rs80320191",379,0.0114265765147132,0.0571292106976158,-0.100546676452614,0.12339982948204,0.841470527711987,1.01149210920705,0.904342899909099,1.13133667228545,0.0098041549333851,0.863575724074543,0.00162242158132813,FALSE,FALSE
"APOE_excluded","chen_forward_alternative_hb_gwas_apoe_exclusion_sensitivity","rs8065337",379,0.00552926871847705,0.0569118623823298,-0.106017981550889,0.117076518987844,0.9226033493646,1.00554458333796,0.899408475171251,1.12420544946254,0.0098041549333851,0.863575724074543,0.00427488621490805,FALSE,FALSE
"APOE_excluded","chen_forward_alternative_hb_gwas_apoe_exclusion_sensitivity","rs8071924",379,0.0102405920197421,0.0571505097948867,-0.101774407178236,0.12225559121772,0.857791370823863,1.01029320632939,0.903233291633847,1.13004289391171,0.0098041549333851,0.863575724074543,0.000436437086357015,FALSE,FALSE
"APOE_excluded","chen_forward_alternative_hb_gwas_apoe_exclusion_sensitivity","rs8179696",379,0.00766224299221669,0.0571648877237077,-0.10438093694625,0.119705422930684,0.893372861036859,1.0076916730949,0.900882052789953,1.12716476577601,0.0098041549333851,0.863575724074543,0.00214191194116841,FALSE,FALSE
"APOE_excluded","chen_forward_alternative_hb_gwas_apoe_exclusion_sensitivity","rs833805",379,0.0194752785566206,0.0573305197232019,-0.0928925401008552,0.131843097214096,0.734081134820012,1.01966615892986,0.911291422319035,1.14092929023837,0.0098041549333851,0.863575724074543,0.00967112362323546,FALSE,FALSE
"APOE_excluded","chen_forward_alternative_hb_gwas_apoe_exclusion_sensitivity","rs847821",379,0.00794240062738284,0.0571006608330177,-0.103974894605332,0.119859695860098,0.889375297772102,1.00797402516071,0.901247923321996,1.12733867020038,0.0098041549333851,0.863575724074543,0.00186175430600225,FALSE,FALSE
"APOE_excluded","chen_forward_alternative_hb_gwas_apoe_exclusion_sensitivity","rs863678",379,0.00987002641792322,0.0572498748321404,-0.102339728253072,0.122079781088918,0.863121039990558,1.00991889577696,0.902722819122622,1.12984423838832,0.0098041549333851,0.863575724074543,0.00006587148453812,FALSE,FALSE
"APOE_excluded","chen_forward_alternative_hb_gwas_apoe_exclusion_sensitivity","rs871841",379,0.0093909294307283,0.057222104835096,-0.10276439604606,0.121546254907516,0.869641663352453,1.0094351625635,0.902339543203575,1.12924159768283,0.0098041549333851,0.863575724074543,0.000413225502656794,FALSE,FALSE
"APOE_excluded","chen_forward_alternative_hb_gwas_apoe_exclusion_sensitivity","rs8887",379,0.00960540432969446,0.0573339349233387,-0.102769108120049,0.121979916779438,0.866949610954662,1.00965168428641,0.902335291322901,1.12973141290735,0.0098041549333851,0.863575724074543,0.000198750603690638,FALSE,FALSE
"APOE_excluded","chen_forward_alternative_hb_gwas_apoe_exclusion_sensitivity","rs9287360",379,0.0100351463769993,0.0571593351450219,-0.101997150507244,0.122067443261242,0.860636145092616,1.01008566731198,0.903032124848709,1.1298302986508,0.0098041549333851,0.863575724074543,0.000230991443614159,FALSE,FALSE
"APOE_excluded","chen_forward_alternative_hb_gwas_apoe_exclusion_sensitivity","rs9302635",379,0.0135429224245886,0.0570614833247556,-0.0982975848919324,0.12538342974111,0.812393713037425,1.01363504319019,0.906379138878843,1.13358301919229,0.0098041549333851,0.863575724074543,0.00373876749120347,FALSE,FALSE
"APOE_excluded","chen_forward_alternative_hb_gwas_apoe_exclusion_sensitivity","rs9327455",379,0.0153359998950991,0.0567264901841047,-0.0958479208657461,0.126519920655944,0.786891093680647,1.01545419980643,0.90860218499581,1.13487205834671,0.0098041549333851,0.863575724074543,0.00553184496171399,FALSE,FALSE
"APOE_excluded","chen_forward_alternative_hb_gwas_apoe_exclusion_sensitivity","rs9348704",379,0.0141894964973688,0.0582726277009351,-0.100024853796464,0.128403846791202,0.807616600993875,1.01429064525319,0.904814929670401,1.13701208867419,0.0098041549333851,0.863575724074543,0.00438534156398373,FALSE,FALSE
"APOE_excluded","chen_forward_alternative_hb_gwas_apoe_exclusion_sensitivity","rs9370102",379,0.00843325703382265,0.0571281238969824,-0.103537865804263,0.120404379871908,0.882642623561857,1.00846891711899,0.901641880700482,1.1279528808101,0.0098041549333851,0.863575724074543,0.00137089789956244,FALSE,FALSE
"APOE_excluded","chen_forward_alternative_hb_gwas_apoe_exclusion_sensitivity","rs9399137",379,0.0061646324076271,0.0575919789491579,-0.106715646332722,0.119044911147977,0.914757425956235,1.00618367285968,0.898781208390056,1.1264205059904,0.0098041549333851,0.863575724074543,0.00363952252575799,FALSE,FALSE
"APOE_excluded","chen_forward_alternative_hb_gwas_apoe_exclusion_sensitivity","rs9402548",379,0.0110164376093747,0.0571259043617523,-0.10095033493966,0.122983210158409,0.847080461685966,1.01107734200252,0.903977927889333,1.1308654337366,0.0098041549333851,0.863575724074543,0.00121228267598957,FALSE,FALSE
"APOE_excluded","chen_forward_alternative_hb_gwas_apoe_exclusion_sensitivity","rs9415106",379,0.00938700524259108,0.0571694929768642,-0.102665200992063,0.121439211477245,0.869576806209094,1.00943120135778,0.90242905526279,1.12912072625797,0.0098041549333851,0.863575724074543,0.000417149690794018,FALSE,FALSE
"APOE_excluded","chen_forward_alternative_hb_gwas_apoe_exclusion_sensitivity","rs9456859",379,0.00918871626671367,0.0571649219314739,-0.102854530718975,0.121231963252403,0.872297815505922,1.009231062122,0.9022582147893,1.12888674223904,0.0098041549333851,0.863575724074543,0.000615438666671429,FALSE,FALSE
"APOE_excluded","chen_forward_alternative_hb_gwas_apoe_exclusion_sensitivity","rs9474328",379,0.0112708470349595,0.0572345969275059,-0.100908962942952,0.123450657012871,0.843887268221952,1.01133460233166,0.904015328034844,1.13139417679643,0.0098041549333851,0.863575724074543,0.00146669210157445,FALSE,FALSE
"APOE_excluded","chen_forward_alternative_hb_gwas_apoe_exclusion_sensitivity","rs948705",379,0.00603710080197093,0.0568930757449194,-0.105473327658071,0.117547529262013,0.915492615215584,1.00605536082238,0.899898474926511,1.12473508650197,0.0098041549333851,0.863575724074543,0.00376705413141417,FALSE,FALSE
"APOE_excluded","chen_forward_alternative_hb_gwas_apoe_exclusion_sensitivity","rs9542593",379,0.00999280009926963,0.0571653373120043,-0.102051261032259,0.122036861230798,0.861232676438239,1.01004289484941,0.90298326262832,1.12979574667455,0.0098041549333851,0.863575724074543,0.000188645165884531,FALSE,FALSE
"APOE_excluded","chen_forward_alternative_hb_gwas_apoe_exclusion_sensitivity","rs9645770",379,0.0121556011525084,0.0570827545012205,-0.0997265976698837,0.1240377999749,0.831368304643195,1.01222978073329,0.90508483651528,1.13205866197943,0.0098041549333851,0.863575724074543,0.00235144621912327,FALSE,FALSE
"APOE_excluded","chen_forward_alternative_hb_gwas_apoe_exclusion_sensitivity","rs9686886",379,0.00982796995720191,0.057159111004401,-0.102203887611424,0.121859827525828,0.863484253600073,1.00987642305572,0.902845453898807,1.12959575245103,0.0098041549333851,0.863575724074543,0.0000238150238168096,FALSE,FALSE
"APOE_excluded","chen_forward_alternative_hb_gwas_apoe_exclusion_sensitivity","rs9690544",379,0.00838274387852486,0.0571734744220218,-0.103677265988638,0.120442753745687,0.883432393758713,1.00841797745854,0.901516200416203,1.12799616556207,0.0098041549333851,0.863575724074543,0.00142141105486024,FALSE,FALSE
"APOE_excluded","chen_forward_alternative_hb_gwas_apoe_exclusion_sensitivity","rs972874",379,0.0118155004699525,0.0570603433342235,-0.100022772465126,0.123653773405031,0.835954983143989,1.01188557922886,0.904816812892029,1.13162400483987,0.0098041549333851,0.863575724074543,0.00201134553656736,FALSE,FALSE
"APOE_excluded","chen_forward_alternative_hb_gwas_apoe_exclusion_sensitivity","rs9816588",379,0.0133466320859186,0.0571393962380278,-0.0986465845406159,0.125339848712453,0.815310894093627,1.01343609595063,0.906062868070211,1.13353361755474,0.0098041549333851,0.863575724074543,0.00354247715253347,FALSE,FALSE
"APOE_excluded","chen_forward_alternative_hb_gwas_apoe_exclusion_sensitivity","rs9860660",379,0.0104048429219682,0.0571575222613716,-0.10162390071032,0.122433586554257,0.855552878533796,1.01045916152881,0.903369244316897,1.13024405417918,0.0098041549333851,0.863575724074543,0.000600687988583148,FALSE,FALSE
"APOE_excluded","chen_forward_alternative_hb_gwas_apoe_exclusion_sensitivity","rs9861140",379,0.00765461481791503,0.0570658379268536,-0.104194427518718,0.119503657154548,0.893294595362328,1.00768398627649,0.901050091455804,1.12693736544378,0.0098041549333851,0.863575724074543,0.00214954011547006,FALSE,FALSE
"APOE_excluded","chen_forward_alternative_hb_gwas_apoe_exclusion_sensitivity","rs9871963",379,0.0106458040185673,0.0571444162859426,-0.10135725190188,0.122648859939015,0.852212262034319,1.01070267221357,0.903610158767824,1.13048739183344,0.0098041549333851,0.863575724074543,0.000841649085182189,FALSE,FALSE
"APOE_excluded","chen_forward_alternative_hb_gwas_apoe_exclusion_sensitivity","rs9884098",379,0.0120479561755898,0.057006115531853,-0.0996840302668421,0.123779942618022,0.832618088888786,1.01212082514627,0.905123364446314,1.13176678995731,0.0098041549333851,0.863575724074543,0.00224380124220467,FALSE,FALSE
"APOE_excluded","chen_forward_alternative_hb_gwas_apoe_exclusion_sensitivity","rs9895661",379,0.00113668616433173,0.0570236300126599,-0.110629628660482,0.112903000989145,0.98409634247705,1.0011373324369,0.895270269981417,1.1195233350256,0.0098041549333851,0.863575724074543,0.00866746876905337,FALSE,FALSE
"APOE_excluded","chen_forward_alternative_hb_gwas_apoe_exclusion_sensitivity","rs9907657",379,0.00846701706784739,0.0571143997241342,-0.103477206391456,0.12041124052715,0.882148135908717,1.00850296363865,0.901696575426386,1.12796061933249,0.0098041549333851,0.863575724074543,0.00133713786553771,FALSE,FALSE
