"analysis_set","analysis_role","excluded_rsid","nsnp_remaining","beta","se","pval","ci_lower_beta","ci_upper_beta","OR","OR_lci","OR_uci"
"APOE_included","forward_primary","rs10002832",311,0.0651229663498283,0.0550039733115193,0.236425571382924,-0.0426848213407496,0.172930754040406,1.06729025710255,0.958213350877935,1.18878378376
"APOE_included","forward_primary","rs10091384",311,0.0660566492246709,0.0550633434354592,0.230275939417254,-0.0418675039088292,0.173980802358171,1.06828723309537,0.958996835487306,1.19003271977915
"APOE_included","forward_primary","rs10111737",311,0.0685590378603513,0.0550040654481716,0.212604434703879,-0.0392489304180651,0.176367006138768,1.07096385049886,0.961511329935884,1.19287577105495
"APOE_included","forward_primary","rs1016144",311,0.0662741270346024,0.0550819875171289,0.228902589709941,-0.0416865684989702,0.174234822568175,1.06851958712821,0.959170367671374,1.19033505053797
"APOE_included","forward_primary","rs10265221",311,0.0835595533395626,0.0553807915088451,0.131345215251264,-0.0249867980177738,0.192105904696899,1.0871499567756,0.975322788137451,1.21179884535891
"APOE_included","forward_primary","rs1043893",311,0.0632649817088938,0.0547095819247232,0.247526391078537,-0.0439657988635636,0.170495762281351,1.06530908925708,0.956986686945599,1.18589262644388
"APOE_included","forward_primary","rs10449775",311,0.0600295280857808,0.0542085785869014,0.268129411483534,-0.0462192859445459,0.166278342116108,1.06186790100891,0.954832557872506,1.18090175067493
"APOE_included","forward_primary","rs1062601",311,0.0668149008478221,0.0551593222239883,0.225777574398641,-0.0412973707111951,0.174927172406839,1.06909757080497,0.959543747311122,1.19115946417656
"APOE_included","forward_primary","rs1075871",311,0.0669292872227698,0.0551313022413496,0.224748511682433,-0.0411280651702754,0.174986639615815,1.06921986799499,0.95970621713743,1.19123030121156
"APOE_included","forward_primary","rs10779596",311,0.0706485150265251,0.0548316804377409,0.197585325618183,-0.036821578631447,0.178118608684497,1.07320394450791,0.963848091103799,1.1949670462991
"APOE_included","forward_primary","rs10812219",311,0.067888083947699,0.0550442032753397,0.217449846167238,-0.0399985544719668,0.175774722367365,1.07024552412195,0.960790828001395,1.1921694592836
"APOE_included","forward_primary","rs10840457",311,0.0680540301078307,0.055106842754037,0.216850230016331,-0.0399553816900818,0.176063441905743,1.07042314199417,0.960832308909666,1.19251371159335
"APOE_included","forward_primary","rs10859044",311,0.0653898981967733,0.0550423049121624,0.234835986760058,-0.0424930194310651,0.173272815824612,1.06757518888909,0.958397155655008,1.18919049081761
"APOE_included","forward_primary","rs10898979",311,0.065425388558083,0.0550306844267686,0.234483255026239,-0.0424347529183835,0.173285530034549,1.06761307819062,0.958452999741937,1.18920561053129
"APOE_included","forward_primary","rs10900027",311,0.0687054817837268,0.0550769410472064,0.212234195109255,-0.0392453226687976,0.176656286236251,1.07112069813133,0.961514798833938,1.1932208961908
"APOE_included","forward_primary","rs10904089",311,0.0625976789122874,0.0548076130569062,0.253398016982823,-0.0448252426792488,0.170020600503824,1.06459844265717,0.95616456399066,1.185329269449
"APOE_included","forward_primary","rs10956934",311,0.065739233207856,0.0551672395499756,0.233404254926237,-0.0423885563100961,0.173867022725808,1.06794819542786,0.958497278042474,1.18989732599647
"APOE_included","forward_primary","rs10958605",311,0.0657376594553837,0.0550674437530246,0.232569391349698,-0.0421945303005445,0.173669849211312,1.06794651474307,0.958683269487504,1.18966273288734
"APOE_included","forward_primary","rs11056375",311,0.0683725521775108,0.0550460354241858,0.214200529248432,-0.0395176772538933,0.176262781608915,1.07076414969515,0.961252961527752,1.19275145061727
"APOE_included","forward_primary","rs11098259",311,0.0671294716619095,0.0551512442774933,0.223532426224875,-0.0409669671219774,0.175225910445796,1.06943393059987,0.959860836390046,1.19151536197644
"APOE_included","forward_primary","rs11122219",311,0.0677200511901863,0.0550620962123222,0.21874013810148,-0.0402016573859651,0.175641759766338,1.07006570292367,0.960595708399836,1.19201095586918
"APOE_included","forward_primary","rs11124926",311,0.0688836448177373,0.0550830861643349,0.211102072916691,-0.0390792040643591,0.176846493699834,1.0713115492455,0.96167453759789,1.19344787729702
"APOE_included","forward_primary","rs111979456",311,0.0698273481558416,0.0549033992920486,0.203436389446287,-0.0377833144565737,0.177438010768257,1.07232302672294,0.962921569470542,1.19415403091709
"APOE_included","forward_primary","rs112524225",311,0.0671495121690389,0.0550631469841522,0.22265444540705,-0.0407742559198994,0.175073280257977,1.06945536281294,0.960045830150266,1.191333514641
"APOE_included","forward_primary","rs11258533",311,0.0650170287930726,0.0550526442137491,0.237603762570737,-0.0428861538658757,0.172920211452021,1.06717719696912,0.958020450783576,1.18877125096795
"APOE_included","forward_primary","rs112597538",311,0.0657001938851154,0.055091140675763,0.233036737953322,-0.04227844183938,0.173678829609611,1.06790650426739,0.958602828274125,1.1896734165805
"APOE_included","forward_primary","rs113051151",311,0.0618617691225434,0.0547588367970026,0.258597182769202,-0.0454655509995817,0.169189089244668,1.06381528244405,0.955552519834123,1.18434406447692
"APOE_included","forward_primary","rs113670117",311,0.0657225550789908,0.0550323323306247,0.232378824084802,-0.0421408162890336,0.173585926447015,1.06793038419877,0.958734765594695,1.18956289729152
"APOE_included","forward_primary","rs114922507",311,0.0662723592652537,0.055063706138371,0.228760494595323,-0.0416525047659534,0.174197223296461,1.0685176982337,0.959203041151183,1.19029029564836
"APOE_included","forward_primary","rs11556924",311,0.0672876333182641,0.0551007710808839,0.222020116724498,-0.0407098780002684,0.175285144636797,1.06960308741841,0.960107637893068,1.19158594251534
"APOE_included","forward_primary","rs11615482",311,0.0671961000203772,0.0551158881212703,0.222776490210793,-0.0408310406973126,0.175223240738067,1.069505187601,0.959991315709305,1.19151218098291
"APOE_included","forward_primary","rs11641118",311,0.0714355003815923,0.0548797772127993,0.193028341922477,-0.0361288629554943,0.178999863718679,1.07404887272469,0.964515995092817,1.19602058117261
"APOE_included","forward_primary","rs11686019",311,0.0664437641873845,0.0550785428739242,0.227684217776012,-0.0415101798455069,0.174397708220276,1.0687008631238,0.95933956936316,1.19052895483059
"APOE_included","forward_primary","rs116924736",311,0.0666680943900536,0.0550639754209806,0.225995507073548,-0.0412572974350683,0.174593486215176,1.0689406318977,0.959582200143124,1.19076205701963
"APOE_included","forward_primary","rs11694902",311,0.0638140101332333,0.0549636922600111,0.245633291534073,-0.0439148266963885,0.171542846962855,1.06589413481641,0.957035467874215,1.18713500677213
"APOE_included","forward_primary","rs11704728",311,0.0683680261965749,0.0550315970044096,0.21411066058146,-0.0394939039320679,0.176229956325218,1.07075930344799,0.9612758139754,1.19271229885511
"APOE_included","forward_primary","rs11720019",311,0.065970197939791,0.0550886458293376,0.231100805996455,-0.0420035478857107,0.173943943765293,1.06819488228343,0.958866378618127,1.18998885765597
"APOE_included","forward_primary","rs1175550",311,0.0670293429035551,0.0552237088451319,0.224832370971841,-0.0412091264329034,0.175267812240014,1.06932685486903,0.959628425292712,1.19156528965396
"APOE_included","forward_primary","rs11758702",311,0.0681232881103018,0.0550651857919769,0.216035488346638,-0.0398044760419728,0.176051052262576,1.07049727993008,0.960977314872801,1.19249893686552
"APOE_included","forward_primary","rs11784090",311,0.0651244080977359,0.0549894965325231,0.236291829255283,-0.0426550051060094,0.172903821301481,1.06729179586715,0.95824192161807,1.18875176698786
"APOE_included","forward_primary","rs11978933",311,0.0683410836342119,0.0550261558205807,0.214245962088915,-0.0395101817741263,0.17619234904255,1.07073045483731,0.961260166606879,1.19266744502997
"APOE_included","forward_primary","rs12035773",311,0.0681620248882074,0.0550397053947618,0.215562032149684,-0.0397157976855259,0.176039847461941,1.07053874834863,0.961062536540269,1.19248557522753
"APOE_included","forward_primary","rs12120512",311,0.0678437015060612,0.0550536327835663,0.217829512299186,-0.0400614187497287,0.175748821761851,1.07019802506651,0.960730430478356,1.19213858177261
"APOE_included","forward_primary","rs12192672",311,0.0641208287618303,0.0551411663501346,0.244890929906234,-0.0439558572844336,0.172197514808094,1.06622122116861,0.956996200951766,1.18791244034164
"APOE_included","forward_primary","rs12265787",311,0.0705409405603766,0.0547638321253126,0.197713389982352,-0.0367961704052361,0.177878051525989,1.07308850137599,0.963872581085253,1.19467962299419
"APOE_included","forward_primary","rs1232605",311,0.0662769739038157,0.0550730671440698,0.228807206478722,-0.0416662376985611,0.174220185506193,1.06852262906805,0.959189868570911,1.19031762765757
"APOE_included","forward_primary","rs1239682",311,0.0666258296088092,0.0551031151729491,0.226619876657881,-0.0413762761301711,0.174627935347789,1.06889545431044,0.959468037096727,1.19080307844621
"APOE_included","forward_primary","rs1256061",311,0.0663318694584509,0.0551754162812077,0.229286161618342,-0.0418119464527162,0.174475685369618,1.06858128782045,0.959050116391968,1.19062179250425
"APOE_included","forward_primary","rs1257415",311,0.0656768033007294,0.0550741436222483,0.233058939262651,-0.0422685181988771,0.173622124800336,1.06788152560232,0.958612341151179,1.18960595828893
"APOE_included","forward_primary","rs12742784",311,0.0684630131890938,0.0550447548553634,0.213584235019053,-0.0394247063274185,0.176350732705606,1.07086101648456,0.96134233426063,1.19285635902877
"APOE_included","forward_primary","rs12772945",311,0.0650997429962689,0.0549715200266134,0.236316127684504,-0.0426444362558935,0.172843922248431,1.06726547133136,0.958252049186832,1.18868056401523
"APOE_included","forward_primary","rs12800440",311,0.0662849062262519,0.0550790437415416,0.228802011118362,-0.0416700195071696,0.174239831959673,1.06853110496769,0.959186241105268,1.19034101340719
"APOE_included","forward_primary","rs12811512",311,0.0672666405946198,0.0551442767766008,0.222529343756948,-0.0408161418875178,0.175349423076757,1.06958063377206,0.960005618543869,1.1916625382625
"APOE_included","forward_primary","rs128494",311,0.0692416953355737,0.0552313989692617,0.209963639552001,-0.0390118466441792,0.177495237315327,1.07169520157983,0.961739315695414,1.19422237018434
"APOE_included","forward_primary","rs12881869",311,0.063880805631569,0.0549974601219641,0.245429343605741,-0.0439142162074806,0.171675827470619,1.06596533412419,0.957036052133931,1.18729288308512
"APOE_included","forward_primary","rs12889267",311,0.0670292215178671,0.0551024213344938,0.22381436856832,-0.0409715242977407,0.175029967333475,1.06932672506806,0.959856462145473,1.19128191561988
"APOE_included","forward_primary","rs12894354",311,0.0705753780088812,0.0548122155006475,0.19789051752661,-0.036856564372388,0.17800732039015,1.07312545644231,0.963814370754046,1.19483406785433
"APOE_included","forward_primary","rs12967734",311,0.0684477628427877,0.0550939844464135,0.214095732246298,-0.0395364466721826,0.176431972357758,1.07084468560774,0.961234919538155,1.19295327020091
"APOE_included","forward_primary","rs12987661",311,0.0673827771269645,0.0550833354564229,0.221220980003979,-0.0405805603676244,0.175346114621554,1.0697048583713,0.960231804768193,1.1916585957069
"APOE_included","forward_primary","rs13005282",311,0.0634973524038406,0.0548381062398071,0.246902546397105,-0.0439853358261814,0.170980040633863,1.065556664634,0.956967990515107,1.18646706765477
"APOE_included","forward_primary","rs13007705",311,0.0713093611056273,0.0547361072378609,0.192648287747662,-0.03597340908058,0.178592131291835,1.07391340152184,0.964665944496477,1.19553302420164
"APOE_included","forward_primary","rs13033531",311,0.0641420186432579,0.0548486436644838,0.242227717532232,-0.0433613229391302,0.171645360225646,1.06624381450924,0.957565337230324,1.18725671009305
"APOE_included","forward_primary","rs13080281",311,0.0675015608734634,0.0551085277748497,0.220618882207288,-0.0405111535652421,0.175514275312169,1.06983192946887,0.960298453700226,1.19185900268915
"APOE_included","forward_primary","rs13103534",311,0.071756911241812,0.0547843803015727,0.190261465359489,-0.0356204741492705,0.179134296632895,1.07439413918002,0.965006468893277,1.19618137651265
"APOE_included","forward_primary","rs13107325",311,0.0664634902275703,0.0550752588791734,0.227518493786146,-0.0414840171756095,0.17441099763075,1.06872194456789,0.959364668575962,1.19054477636368
"APOE_included","forward_primary","rs13145825",311,0.0673297243479928,0.055082370425937,0.221576747644592,-0.0406317216868437,0.175291170382829,1.06964810906125,0.960182679298978,1.19159312273124
"APOE_included","forward_primary","rs13207351",311,0.0715777632907381,0.0551880758186378,0.194638487888401,-0.036590865313792,0.179746391895268,1.0742016809111,0.964070489348745,1.1969137775929
"APOE_included","forward_primary","rs13306780",311,0.0685316704562374,0.0551343140965045,0.213869718038009,-0.0395315851729115,0.176594926085386,1.07093454139943,0.961239592592374,1.19314768222283
"APOE_included","forward_primary","rs13389219",311,0.0729192369759271,0.0546744663626129,0.182302787329298,-0.0342427170947942,0.180081191046648,1.07564366117168,0.966336929678818,1.19731457039871
"APOE_included","forward_primary","rs1340817",311,0.0692033802746976,0.0551180906519327,0.209280080350769,-0.0388280774030904,0.177234837952486,1.07165414029958,0.961916070040093,1.19391143592535
"APOE_included","forward_primary","rs13415550",311,0.069559902580707,0.0549343733584316,0.205428462997134,-0.038111469201819,0.177231274363233,1.07203627702101,0.962605634028914,1.19390718132297
"APOE_included","forward_primary","rs1354674",311,0.0679763332607815,0.0550941951033627,0.21726989404361,-0.0400082891418095,0.175960955663372,1.07033997672191,0.960781475065421,1.1923915016066
"APOE_included","forward_primary","rs13621",311,0.0647618443814028,0.0550535972791056,0.239458342826645,-0.0431432062856441,0.17266689504845,1.06690490472781,0.957774220956857,1.18847015384802
"APOE_included","forward_primary","rs1373866",311,0.0660121586416017,0.0550644394730984,0.23059930500354,-0.0419141427256712,0.173938460008875,1.06823970543076,0.958952110052523,1.18998233206483
"APOE_included","forward_primary","rs138058297",311,0.0675512181814095,0.0550924718404207,0.220145075160003,-0.0404300266258151,0.175532462988634,1.06988505576148,0.960376362934937,1.19188068003221
"APOE_included","forward_primary","rs142552223",311,0.0645962547027726,0.0549875159071318,0.24009714804094,-0.0431792764752057,0.172371785880751,1.06672825091394,0.957739674482202,1.18811947715658
"APOE_included","forward_primary","rs1426374",311,0.0658344746096647,0.0550826700958491,0.232011257786426,-0.0421275587781995,0.173796507997529,1.06804991315485,0.958747476115492,1.18981342366805
"APOE_included","forward_primary","rs1427445",311,0.0666565900936615,0.0551367287103218,0.226688731433831,-0.0414113981785691,0.174724578365892,1.06892833455858,0.959434339205665,1.19091816681083
"APOE_included","forward_primary","rs1438898",311,0.0665478240270288,0.0551711957670127,0.227738094333336,-0.0415877196763161,0.174683367730374,1.06881207775063,0.959265185219167,1.19086908932759
"APOE_included","forward_primary","rs143991670",311,0.0688876515251591,0.0550784594048923,0.211037175946377,-0.0390661289084299,0.176841431958748,1.07131584168604,0.961687111724627,1.19344183638816
"APOE_included","forward_primary","rs1479559",311,0.070248515989723,0.0550543318972155,0.201960729760558,-0.0376579745288194,0.178155006508265,1.07277474980827,0.963042269554605,1.19501054129062
"APOE_included","forward_primary","rs148102803",311,0.0690569245793888,0.054950620994363,0.208859129343779,-0.0386462925695625,0.17676014172834,1.07149720193987,0.962090947687323,1.19334482516938
"APOE_included","forward_primary","rs148462165",311,0.0672033300466927,0.0550977749093034,0.222574670990936,-0.0407883087755419,0.175194968868927,1.0695129201796,0.960032338859601,1.19147849518263
"APOE_included","forward_primary","rs148967402",311,0.0685139950319514,0.0550581978935499,0.213355232005973,-0.0394000728394065,0.176428062903309,1.07091561234432,0.961366015767175,1.19294860641355
"APOE_included","forward_primary","rs150844304",311,0.0645360876641525,0.0549511517579388,0.240224244477446,-0.0431681697814075,0.172240345109712,1.06666407096484,0.957750311862578,1.18796332007934
"APOE_included","forward_primary","rs1539009",311,0.0664111958038574,0.0550829580922636,0.227949478645151,-0.0415514020569792,0.174373793664694,1.06866605783099,0.959300024079635,1.19050048420016
"APOE_included","forward_primary","rs165944",311,0.0664766645818739,0.0550954427094561,0.227596693076712,-0.04151040312866,0.174463732292408,1.06873602438219,0.95933935515882,1.1906075609951
"APOE_included","forward_primary","rs1678960",311,0.0663450261008334,0.055084419069212,0.228425531806439,-0.0416204352748221,0.174310487476489,1.0685953468548,0.959233802797857,1.19042512053796
"APOE_included","forward_primary","rs16874060",311,0.0630048880033409,0.054973793781629,0.25175812038711,-0.044743747808652,0.170753523815334,1.06503204509878,0.9562424896733,1.18619834334575
"APOE_included","forward_primary","rs16909970",311,0.0651823157087787,0.0550115470277171,0.236063214983595,-0.0426403164655468,0.173004947883104,1.06735360197484,0.958255996992506,1.1888719874691
"APOE_included","forward_primary","rs16942751",311,0.0708850237436295,0.0547485504957259,0.195410658103594,-0.0364221352279932,0.178192182715252,1.07345779661395,0.964233170769368,1.19505496807566
"APOE_included","forward_primary","rs16956623",311,0.0658317684125501,0.0550711210954376,0.23193255666441,-0.0421076289345076,0.173771165759608,1.06804702280517,0.958766583993239,1.18978327151525
"APOE_included","forward_primary","rs17003427",311,0.0653387446439007,0.0550598648994248,0.235351687007166,-0.042578590558972,0.173256079846773,1.06752058002195,0.958315148038208,1.18917058871845
"APOE_included","forward_primary","rs17006441",311,0.0626094930447675,0.0550273960523586,0.255209152465962,-0.0452442032178554,0.17046318930739,1.0646110200385,0.95576405267501,1.18585399902335
"APOE_included","forward_primary","rs17185135",311,0.0631575244435616,0.0548504178249582,0.24954707270093,-0.0443492944933565,0.17066434338048,1.06519462020599,0.956619757095879,1.18609256237853
"APOE_included","forward_primary","rs17278406",311,0.0638573393253344,0.0551757499510049,0.247131723869456,-0.0442871305786352,0.172001809229304,1.06594032014872,0.956679226173276,1.18767998199739
"APOE_included","forward_primary","rs174574",311,0.0687515158313497,0.0552169393192533,0.213088972386427,-0.0394736852343867,0.176976716897086,1.0711700072875,0.961295249916955,1.19360330201509
"APOE_included","forward_primary","rs17476364",311,0.0701854618516762,0.0560351602440921,0.210378476576153,-0.0396434522267444,0.180014375930097,1.07270710905364,0.96113206756549,1.19723457435865
"APOE_included","forward_primary","rs17645325",311,0.0663559798710867,0.0550681931677376,0.228211664553096,-0.0415776787376791,0.174289638479852,1.06860705206683,0.959274817190385,1.19040030162735
"APOE_included","forward_primary","rs17654742",311,0.0695624931312094,0.0550900669561225,0.206695280847833,-0.0384140381027906,0.177539024365209,1.07203905418872,0.962314423557994,1.19427466280369
"APOE_included","forward_primary","rs17672797",311,0.0675323739960709,0.0550682727176445,0.220071106929461,-0.0404014405305123,0.175466188522654,1.06986489483916,0.960403816737571,1.19180169139412
"APOE_included","forward_primary","rs17680229",311,0.0697266848641215,0.0549868961949662,0.204776516325555,-0.0380476316780122,0.177501001406255,1.07221508859008,0.962667086350454,1.19422925381051
"APOE_included","forward_primary","rs17816693",311,0.0686060734049235,0.0550433738271451,0.212617499481237,-0.0392789392962809,0.176491086106128,1.07101422505147,0.961482476492413,1.19302379222473
"APOE_included","forward_primary","rs1800562",311,0.0493078929747412,0.0558519468055769,0.37732697975244,-0.0601619227641896,0.158777708713672,1.0505437559925,0.941612052813142,1.172077375133
"APOE_included","forward_primary","rs1800961",311,0.0626963290462657,0.0551569578738434,0.255668154427671,-0.0454113083864674,0.170803966478999,1.0647034706166,0.955604352905535,1.18625817985897
"APOE_included","forward_primary","rs181669",311,0.0653203930982061,0.0550259437155307,0.235194662757158,-0.042530456584234,0.173171242780646,1.06750098954901,0.958361276665503,1.18906970725389
"APOE_included","forward_primary","rs184088518",311,0.0596079032562041,0.0547351187491403,0.276142937340905,-0.0476729294921109,0.166888736004519,1.06142028550565,0.953445580015688,1.18162278592172
"APOE_included","forward_primary","rs1855557",311,0.0657769754764119,0.0550716161217134,0.23232553263881,-0.0421633921221464,0.17371734307497,1.0679885029761,0.958713121602944,1.18971923590874
"APOE_included","forward_primary","rs1863127",311,0.0628467498316658,0.0548125377637317,0.251556828317248,-0.0445858241852483,0.17027932384858,1.06486363619468,0.956393514877032,1.1856359814773
"APOE_included","forward_primary","rs1923032",311,0.0658585506071845,0.0550666118226819,0.231704475892299,-0.042072008565272,0.173789109779641,1.06807562783146,0.958800736221225,1.18980462120166
"APOE_included","forward_primary","rs1949481",311,0.0697276225534302,0.0548300583557075,0.203478192030584,-0.0377392918237564,0.177194536930617,1.07221609399518,0.962963960746308,1.19386332104401
"APOE_included","forward_primary","rs1987070",311,0.0621713086397856,0.0548441218282873,0.256962280185545,-0.0453231701436574,0.169665787423229,1.06414462628285,0.955688581905865,1.18490877372249
"APOE_included","forward_primary","rs2002905",311,0.0660260199731854,0.055120905675338,0.230979351811492,-0.0420109551504771,0.174062995096848,1.06825451275815,0.95885927606729,1.19013053584733
"APOE_included","forward_primary","rs2020971",311,0.0659261329958831,0.0550676738184449,0.231234880281225,-0.042006507688269,0.173858773680035,1.06814781337291,0.958863540567166,1.18988751051944
"APOE_included","forward_primary","rs2043082",311,0.06638267447264,0.0551120183416454,0.228394641186164,-0.0416368814769851,0.174402230422265,1.06863557848705,0.959218027174539,1.19053433865517
"APOE_included","forward_primary","rs2070895",311,0.069049327720447,0.0550864363052892,0.210033836102538,-0.0389200874379198,0.177018742878814,1.07148906195769,0.961827568180577,1.19365346541973
"APOE_included","forward_primary","rs2093380",311,0.0659823470887425,0.0550813970299994,0.230953535223219,-0.0419771910900564,0.173941885267541,1.06820786002099,0.958891651596383,1.18998640806911
"APOE_included","forward_primary","rs2184540",311,0.0691341819335227,0.0549904829952177,0.208680257469984,-0.0386471647371041,0.176915528604149,1.07157998617646,0.962090108583192,1.19353026970098
"APOE_included","forward_primary","rs2209098",311,0.0635794780175378,0.0550016064013995,0.247698849319865,-0.0442236705292052,0.171382626564281,1.0656441777225,0.956739939010657,1.18694481876459
"APOE_included","forward_primary","rs2226376",311,0.066835552906027,0.0550800749012682,0.224967282583326,-0.0411213939004587,0.174792499712513,1.06911965009822,0.959712619617905,1.19099905832354
"APOE_included","forward_primary","rs2228445",311,0.0779600764901052,0.0547190807456615,0.154234415039322,-0.0292893217713913,0.185209474751602,1.0810794973205,0.971135453187647,1.20347051041182
"APOE_included","forward_primary","rs2243314",311,0.0668510789256707,0.0551661418804762,0.225583755464414,-0.0412745591600627,0.174976717011404,1.06913624939977,0.959565636242037,1.19121848116317
"APOE_included","forward_primary","rs2293767",311,0.0593026264495897,0.0550108293630314,0.281026030001316,-0.0485185991019518,0.167123852001131,1.06109630796434,0.95263962089963,1.18190063700299
"APOE_included","forward_primary","rs2294915",311,0.0702943225928731,0.0551279548052329,0.202269564808541,-0.0377564688253834,0.17834511401113,1.07282389110099,0.962947420054848,1.19523774335624
"APOE_included","forward_primary","rs2303937",311,0.0648317413720058,0.0550048539925647,0.238535616107258,-0.0429777724534209,0.172641255197433,1.0669794807762,0.957932682323708,1.18843968204098
"APOE_included","forward_primary","rs241812",311,0.0659546847646282,0.0550575574490348,0.230947204326939,-0.04195812783548,0.173867497364736,1.06817831131764,0.958909931366284,1.18989789076819
"APOE_included","forward_primary","rs2426160",311,0.0696353703291697,0.055036642464989,0.205780041123931,-0.0382364489022087,0.177507189560548,1.07211718423801,0.96248533538278,1.19423664390826
"APOE_included","forward_primary","rs2449749",311,0.0656869532756208,0.055039105771464,0.232689396020423,-0.0421896940364486,0.17356360058769,1.067892364628,0.958687905944191,1.18953633957408
"APOE_included","forward_primary","rs2469076",311,0.0669358198409152,0.0550841809873838,0.224306966680876,-0.0410291748943569,0.174900814576187,1.06922685282292,0.959801127442819,1.19112806821089
"APOE_included","forward_primary","rs2519093",311,0.0852721797667162,0.0557151207844217,0.125892181520337,-0.0239294569707502,0.194473816504183,1.08901343378637,0.976354582338501,1.21467167811786
"APOE_included","forward_primary","rs2541119",311,0.0676544147250322,0.0550924469446458,0.21944090453756,-0.0403267812864736,0.175635610736538,1.06999546989839,0.960475522437214,1.19200362618082
"APOE_included","forward_primary","rs2542404",311,0.0685007470029018,0.055029984790125,0.213209138436509,-0.0393580231857431,0.176359517191547,1.07090142491715,0.961406441725124,1.19286683770471
"APOE_included","forward_primary","rs2561566",311,0.0688457191064582,0.0550834356209897,0.21135642268893,-0.0391178147106817,0.176809252923598,1.07127091976345,0.961637407439256,1.19340343319925
"APOE_included","forward_primary","rs2576161",311,0.0659254600524119,0.0550614933107462,0.231187280178177,-0.0419950668366506,0.173845986941474,1.06814709457005,0.958874510845411,1.1898722958362
"APOE_included","forward_primary","rs258753",311,0.0654393382801514,0.0550550000844923,0.234590205994875,-0.0424684618854535,0.173347138445756,1.06762797120021,0.958420691825867,1.18927887785647
"APOE_included","forward_primary","rs2613522",311,0.0669337322541173,0.0551079138672387,0.224521042668957,-0.0410777789256705,0.174945243433905,1.06922462072139,0.959754478372442,1.19118098984598
"APOE_included","forward_primary","rs2760537",311,0.0677814434048868,0.0550927044312575,0.218578743018395,-0.0402002572803778,0.175763144090151,1.07013139864363,0.960597053336196,1.19215565609503
"APOE_included","forward_primary","rs2823139",311,0.0694583176431004,0.0551991815393089,0.208275503920308,-0.038732078173945,0.177648713460146,1.07192737981395,0.962008417673899,1.1944056688954
"APOE_included","forward_primary","rs2834287",311,0.0669275589106652,0.0551208173686495,0.224672313124655,-0.0411092431318878,0.174964360953218,1.06921802005095,0.959724280934688,1.19120376248923
"APOE_included","forward_primary","rs2835435",311,0.0666670226056097,0.0552095757930822,0.227229468301783,-0.0415437459488315,0.174877791160051,1.06893948622437,0.959307368612481,1.1911006446894
"APOE_included","forward_primary","rs28418580",311,0.0653405599238961,0.0550599706852522,0.235339577517681,-0.0425769826191983,0.17325810246699,1.06752251787247,0.95831668895249,1.18917299396136
"APOE_included","forward_primary","rs28606370",311,0.0636492490334458,0.0548980793031287,0.246290090274904,-0.0439509864006864,0.171249484467578,1.06571853139321,0.95700086238036,1.18678679696266
"APOE_included","forward_primary","rs2870238",311,0.0696793223278733,0.0551493580506239,0.206421865465677,-0.0384134194513495,0.177772064107096,1.07216430696666,0.962315018895383,1.19455300869442
"APOE_included","forward_primary","rs2871974",311,0.0655928489957257,0.0550463887361675,0.233421173944794,-0.0422980729271625,0.173483770918614,1.0677918761143,0.958584010042567,1.18944138307196
"APOE_included","forward_primary","rs290671",311,0.0650593747989923,0.0550082647031008,0.236920135334041,-0.0427568240190853,0.17287557361707,1.06722238861786,0.958144359434069,1.18871818797737
"APOE_included","forward_primary","rs2934849",311,0.0634719949752245,0.0548538115934726,0.247226669095966,-0.0440414757479817,0.170985465698431,1.06552964519951,0.956914267914959,1.18647350433268
"APOE_included","forward_primary","rs2943637",311,0.0639169166060324,0.054981434179637,0.245025045770606,-0.0438466943860561,0.171680527598121,1.06600382786617,0.957100675133046,1.18729846352617
"APOE_included","forward_primary","rs2946844",311,0.0619523147624011,0.0547365174910499,0.257706817726849,-0.0453312595200566,0.169235889044859,1.06391161064047,0.955680851012475,1.18439949283951
"APOE_included","forward_primary","rs2950015",311,0.0730348754245541,0.0549677638151474,0.183951722623005,-0.0347019416531348,0.180771692502243,1.07576805412809,0.965893265907525,1.19814160335325
"APOE_included","forward_primary","rs2970870",311,0.0601365142304497,0.0542009016120321,0.267209661103195,-0.0460972529291333,0.166370281390033,1.06198151223909,0.954949086078757,1.1810103269156
"APOE_included","forward_primary","rs3012053",311,0.0665771143857254,0.055097275977956,0.226910423822732,-0.0414135465310684,0.174567775302519,1.06884338409825,0.959432278004719,1.19073144183396
"APOE_included","forward_primary","rs3112629",311,0.0672113542632191,0.0550741178741794,0.222320839716773,-0.0407339167701725,0.175156625296611,1.06952150221728,0.96008455836388,1.19143281051665
"APOE_included","forward_primary","rs3132136",311,0.0662228881833961,0.0550270511063082,0.22879812765762,-0.041630131984968,0.17407590835176,1.0684648388147,0.959224501430805,1.19014590440555
"APOE_included","forward_primary","rs3184504",311,0.0599803779603378,0.0559188743488559,0.283436229690418,-0.0496206157634197,0.169581371684095,1.06181571135094,0.951590374414765,1.18480875299427
"APOE_included","forward_primary","rs3213545",311,0.0681832926144473,0.0551440225061893,0.216288201030672,-0.0398989914976837,0.176265576726578,1.07056151651577,0.96088649195611,1.19275478450258
"APOE_included","forward_primary","rs332362",311,0.0659549657531515,0.0550616925148718,0.230980245207621,-0.0419659515759972,0.1738758830823,1.06817861146353,0.95890242913315,1.18990786895767
"APOE_included","forward_primary","rs333947",311,0.0664617452988798,0.0550795807421536,0.227567177817621,-0.0414942329557413,0.174417723553501,1.06872007972594,0.959354867967502,1.1905527839028
"APOE_included","forward_primary","rs339995",311,0.0717684572866691,0.0547682875384255,0.190059977660923,-0.0355773862886448,0.179114300861983,1.07440654425456,0.965048049853322,1.19615745818301
"APOE_included","forward_primary","rs34235720",311,0.0684854477384505,0.0550135061520261,0.213174298507369,-0.0393410243195207,0.176311919796422,1.07088504103838,0.961422784683518,1.19281006170171
"APOE_included","forward_primary","rs34618120",311,0.0678604749206149,0.0550576414052904,0.217749267687908,-0.0400525022337544,0.175773452074984,1.07021597609219,0.960738996884778,1.19216794488078
"APOE_included","forward_primary","rs34952318",311,0.0681819553866671,0.0550802258551604,0.21576563982493,-0.0397752872894473,0.176139198062781,1.07056008493213,0.961005365011199,1.19260405527136
"APOE_included","forward_primary","rs35124400",311,0.0702693876078623,0.0551416914229532,0.202542146094036,-0.0378083275811259,0.178347102796851,1.07279714058686,0.962897484094618,1.19524012043037
"APOE_included","forward_primary","rs35219107",311,0.0675549561476972,0.0550723928383371,0.219951399478474,-0.0403869338154434,0.175496846110838,1.06988905496323,0.960417749143148,1.19183822971966
"APOE_included","forward_primary","rs35240997",311,0.0687757011356884,0.0551869379170682,0.212679412948,-0.0393906971817652,0.176942099453142,1.0711959141734,0.96137502924806,1.19356198323487
"APOE_included","forward_primary","rs35593442",311,0.0665051337650519,0.0551124478243696,0.227541107465617,-0.0415152639707126,0.174525531500816,1.06876645085694,0.959334691973073,1.19068114187349
"APOE_included","forward_primary","rs35679500",311,0.0679411458157815,0.0551272704749717,0.217784139583334,-0.040108304315163,0.175990595946726,1.07030231485547,0.960685387144842,1.19242684495237
"APOE_included","forward_primary","rs357282",311,0.0636721500337332,0.0550193701174658,0.247162930559677,-0.0441658153964997,0.171510115463966,1.06574293769306,0.956795292928032,1.18709615069989
"APOE_included","forward_primary","rs36020935",311,0.0684932322179684,0.0549106418616805,0.212266233973964,-0.0391316258309254,0.176118090266862,1.0708933773535,0.961624126241105,1.19257888229402
"APOE_included","forward_primary","rs36065733",311,0.069559624882876,0.0552196289966193,0.207781146027011,-0.0386708479504978,0.17779009771625,1.0720359793189,0.96206732346766,1.19457455099074
"APOE_included","forward_primary","rs36219252",311,0.0733598221326692,0.0557030716392966,0.18784538368948,-0.035818198280352,0.18253784254569,1.0761176782175,0.964815682689867,1.20025957097182
"APOE_included","forward_primary","rs368417629",311,0.0697742718548909,0.0554091334031084,0.207937957491205,-0.0388276296152016,0.178376173324983,1.07226611329365,0.961916500774555,1.19527486719696
"APOE_included","forward_primary","rs3740689",311,0.0662119619468313,0.0551012307748341,0.229502199705742,-0.0417864503718436,0.174210374265506,1.06845316457889,0.959074568723015,1.19030594922212
"APOE_included","forward_primary","rs3741414",311,0.0660814386117046,0.0551198647861859,0.230579300619516,-0.0419534963692197,0.174116373592629,1.06831371560929,0.958914372535563,1.19019406492065
"APOE_included","forward_primary","rs3754140",311,0.0606051564841759,0.0551895870597053,0.272149188697737,-0.0475664341528465,0.168776747121198,1.06247931828576,0.95354712293303,1.18385581020128
"APOE_included","forward_primary","rs3772219",311,0.072307096171103,0.0549863807755425,0.188509869157664,-0.0354662101489604,0.180080402491166,1.07498541728475,0.965155346134398,1.19731362625012
"APOE_included","forward_primary","rs3777891",311,0.0681429739047097,0.0550264290887189,0.215579606906036,-0.0397088271091793,0.175994774918599,1.07051835372687,0.961069235723403,1.19243182808102
"APOE_included","forward_primary","rs3780474",311,0.0655237805898759,0.0551047136816621,0.234409132794885,-0.0424814582261818,0.173529019405934,1.0677181279785,0.958408235944935,1.18949520471296
"APOE_included","forward_primary","rs3791020",311,0.0657196550064005,0.0550579708850111,0.232616981694096,-0.0421939679282212,0.173633277941022,1.06792728712762,0.958683808624593,1.18961922620554
"APOE_included","forward_primary","rs3807997",311,0.0645730592377451,0.0549390699899782,0.239851636987985,-0.0431075179426122,0.172253636418102,1.06670350794306,0.957808402941747,1.18797910977112
"APOE_included","forward_primary","rs3809627",311,0.0634488137089864,0.0550509559279334,0.249096370829449,-0.0444510599097631,0.171348687327736,1.06550494515941,0.95652241124126,1.18690453544722
"APOE_included","forward_primary","rs3811444",311,0.0661155317004643,0.0551538861299997,0.230626504699562,-0.0419860851143351,0.174217148515264,1.0683501383445,0.958883123228679,1.19031401267922
"APOE_included","forward_primary","rs3814570",311,0.0670675530874446,0.0550833695938723,0.223389527388028,-0.0408958513165451,0.175030957491434,1.06936771482542,0.959929100093814,1.19128309517774
"APOE_included","forward_primary","rs3859158",311,0.0650220538514048,0.0550196871814267,0.237286600392137,-0.0428165330241916,0.172860640727001,1.06718255961026,0.958087151295556,1.18870043711189
"APOE_included","forward_primary","rs3925798",311,0.0666259995243761,0.0550809956311267,0.226432228515515,-0.0413327519126321,0.174584750961384,1.06889563593244,0.959509798101097,1.19075165545628
"APOE_included","forward_primary","rs3932815",311,0.0672111542039619,0.055099032894032,0.222531384460289,-0.0407829502683408,0.175205258676265,1.06952128824963,0.960037483213585,1.19149075532987
"APOE_included","forward_primary","rs4074995",311,0.0669397205591379,0.0551933891209884,0.225198131857618,-0.0412393221179993,0.175118763236275,1.06923102358372,0.959599449092453,1.19138770126967
"APOE_included","forward_primary","rs41278174",311,0.0706417484942722,0.0549596040339459,0.198673682080998,-0.0370790754122617,0.178362572400806,1.07319668266337,0.96359993527418,1.19525861046468
"APOE_included","forward_primary","rs4233937",311,0.0674436959223226,0.0550899366285614,0.22085902090987,-0.0405325798696577,0.175419971714303,1.06977002548759,0.960277878273656,1.19174661139658
"APOE_included","forward_primary","rs4240624",311,0.0669160406786014,0.0551499742390914,0.22499728528109,-0.0411779088300178,0.175009990187221,1.06920570462059,0.959658383059413,1.19125811744453
"APOE_included","forward_primary","rs4322206",311,0.0672426059563076,0.0550784261254641,0.222142066254269,-0.040711109249602,0.175196321162217,1.06955492709731,0.960106455761906,1.1914801064121
"APOE_included","forward_primary","rs4456287",311,0.0695365355889833,0.0549680780679588,0.205858827588443,-0.0382008974242159,0.177273968602183,1.07201122705087,0.962519553767253,1.19395815536959
"APOE_included","forward_primary","rs448182",311,0.0662794745028716,0.0550950689207064,0.228975571880524,-0.0417068605817129,0.174265809587456,1.06852530101807,0.959150904304385,1.19037193604462
"APOE_included","forward_primary","rs464605",311,0.0613752839345758,0.0547979789376882,0.262701727901431,-0.0460287547832929,0.168779322652445,1.06329787793143,0.955014500560885,1.18385885926284
"APOE_included","forward_primary","rs4660253",311,0.065066779179161,0.0550908310393015,0.237570219937124,-0.0429112496578699,0.173044808016192,1.0672302907674,0.957996408803295,1.18891937700921
"APOE_included","forward_primary","rs4683603",311,0.0658879034012715,0.0550845336494,0.231648380911092,-0.0420777825515524,0.173853589354095,1.06810697929556,0.958795200134911,1.18988134177075
"APOE_included","forward_primary","rs4760682",311,0.070940469612577,0.0552372826363343,0.199041898193126,-0.0373246043546382,0.179205543579792,1.07351731706433,0.963363372643873,1.19626660381972
"APOE_included","forward_primary","rs4837834",311,0.0677166222005376,0.055061110569237,0.218755216812452,-0.0402031545151669,0.175636398916242,1.07006203368574,0.960594270265026,1.19200456569426
"APOE_included","forward_primary","rs4886755",311,0.0678901936447555,0.0552987685827905,0.219560316403675,-0.0404953927775139,0.176275780067025,1.07024778201816,0.960313588879581,1.1927669546478
"APOE_included","forward_primary","rs4895441",311,0.0643624771544946,0.0555300656187303,0.246433202126307,-0.0444764514582167,0.173201405767206,1.06647890294587,0.956498123964455,1.1891055736884
"APOE_included","forward_primary","rs4899258",311,0.0671050532665187,0.0550953933168697,0.223231806796759,-0.0408819176345459,0.175092024167583,1.06940781705814,0.959942475533821,1.19135584509799
"APOE_included","forward_primary","rs4925184",311,0.0648730147120872,0.054973264947217,0.237967210360953,-0.0428745845844581,0.172620614008632,1.06702351949198,0.95803153445589,1.1884151514863
"APOE_included","forward_primary","rs4985717",311,0.0686557932868019,0.0549798305632665,0.211758324458587,-0.0391046746172003,0.176416261190804,1.07106747707606,0.961650043527704,1.19293452766015
"APOE_included","forward_primary","rs5369",311,0.0672975062107501,0.055090091490357,0.221862702881946,-0.0406790731103497,0.17527408553185,1.06961364754682,0.96013721435871,1.19157276471421
"APOE_included","forward_primary","rs55675467",311,0.0678900431170862,0.0550675387749385,0.217631543511763,-0.0400423328817933,0.175822419115966,1.07024762091627,0.960748767027457,1.19222632324669
"APOE_included","forward_primary","rs55731973",311,0.0638783408360092,0.0551029574515122,0.246352540334301,-0.0441234557689546,0.171880137440973,1.06596270674081,0.956835823278697,1.18753548364088
"APOE_included","forward_primary","rs55733296",311,0.0637512126015551,0.0552121204017067,0.248229792239994,-0.0444645433857899,0.1719669685889,1.06582720139736,0.956509514081209,1.18763860318706
"APOE_included","forward_primary","rs55781197",311,0.0620118034523394,0.0550551998053832,0.260014487855699,-0.0458963881662117,0.169919995070891,1.06397490323098,0.955140920966324,1.1852100248831
"APOE_included","forward_primary","rs55971447",311,0.0608312961875115,0.0547970037393851,0.266946955164626,-0.0465708311416832,0.168233423516706,1.0627196142128,0.954496950066828,1.18321276810108
"APOE_included","forward_primary","rs56011044",311,0.0681152066077338,0.0551438729739299,0.216745994025799,-0.0399667844211689,0.176197197636636,1.07048862873852,0.960821352859693,1.19267322780431
"APOE_included","forward_primary","rs56085610",311,0.0674927836100592,0.0551774667477391,0.221256175646617,-0.0406550512155093,0.175640618435628,1.06982253931343,0.960160278950933,1.19200959539124
"APOE_included","forward_primary","rs56262900",311,0.0673065611915582,0.055081332125992,0.221727034115936,-0.0406528497753861,0.175265972158503,1.06962333292172,0.960162392688622,1.19156309707872
"APOE_included","forward_primary","rs56316046",311,0.0706634140116748,0.0551224977506689,0.199865736156064,-0.0373766815796362,0.178703509602986,1.07321993427666,0.963313204659077,1.19566618806644
"APOE_included","forward_primary","rs564640",311,0.0615832889092867,0.0545461484223933,0.2588925179835,-0.0453271619986041,0.168493739817178,1.06351907218359,0.955684766943286,1.18352081776497
"APOE_included","forward_primary","rs565728",311,0.06700434817121,0.0550907323007011,0.223888008390053,-0.0409734871381641,0.174982183480584,1.06930012766452,0.959854578102257,1.19122499294008
"APOE_included","forward_primary","rs5751348",311,0.0693528128393072,0.0551729573556637,0.208750974621271,-0.0387861835777936,0.177491809256408,1.0718142922918,0.961956369228019,1.19421827632671
"APOE_included","forward_primary","rs5754100",311,0.0704669637613359,0.054883543354795,0.199164307345008,-0.0371047812140624,0.178038708736734,1.07300912065977,0.963575165483594,1.19487157230876
"APOE_included","forward_primary","rs58030780",311,0.0662412745961245,0.0550683244327665,0.229017921983397,-0.0416926412920979,0.174175190484347,1.06848448423082,0.959164542845843,1.19026407049482
"APOE_included","forward_primary","rs58324280",311,0.0673735642817493,0.0551482595253191,0.221828397710406,-0.0407170243878761,0.175464152951375,1.06969500339141,0.960100776616259,1.1917992653993
"APOE_included","forward_primary","rs58365266",311,0.0659601441632792,0.0550758220302317,0.231063302018636,-0.0419884670159749,0.173908755342533,1.06818414294479,0.958880839266116,1.1899469845617
"APOE_included","forward_primary","rs58542926",311,0.0686124792960498,0.0550462870494007,0.212599002674216,-0.0392782433207755,0.176503201912875,1.07102108587397,0.961483145660898,1.193038246758
"APOE_included","forward_primary","rs59271985",311,0.0649678984199891,0.054931889193174,0.236928402911395,-0.042698604398632,0.17263440123861,1.06712476744324,0.958200143858873,1.18843153655225
"APOE_included","forward_primary","rs5995385",311,0.0673225937707669,0.0551535666196982,0.222222737509371,-0.0407783968038417,0.175423584345375,1.06964048188,0.960041854720135,1.19175091674519
"APOE_included","forward_primary","rs6016505",311,0.0619073302596845,0.0546122471311875,0.25697092646205,-0.0451326741174431,0.168947334636812,1.06386375218219,0.955870654124483,1.18405777844893
"APOE_included","forward_primary","rs60235509",311,0.069328858614597,0.0549189900994238,0.206810616106316,-0.0383123619802737,0.176970079209468,1.0717886181189,0.962412272931612,1.19359537927552
"APOE_included","forward_primary","rs6108787",311,0.0681660435916265,0.0550320583708467,0.215471207872104,-0.039696790815233,0.176028877998486,1.070543050535,0.961080803504843,1.19247249437234
"APOE_included","forward_primary","rs61880662",311,0.0646268440410185,0.0550486584583445,0.240397070164182,-0.0432685265373367,0.172522214619374,1.0667608819243,0.957654199971109,1.1882982179144
"APOE_included","forward_primary","rs62022865",311,0.0677547762241209,0.0550674105494703,0.218548479716313,-0.0401773484528408,0.175686900901083,1.07010286163668,0.960619059740493,1.19206476581087
"APOE_included","forward_primary","rs62311296",311,0.0669533944762002,0.0550943442435073,0.224270806577231,-0.041031520241074,0.174938309193474,1.06924564426002,0.959798876379035,1.19117272993923
"APOE_included","forward_primary","rs62398471",311,0.0669067411886931,0.0550890012013855,0.224548888567475,-0.0410677011660226,0.174881183543409,1.06919576159917,0.959764150596133,1.19110468536626
"APOE_included","forward_primary","rs62435145",311,0.0695859338576805,0.05527749678703,0.208085450930292,-0.0387579598448983,0.177929827560259,1.07206418385749,0.961983519610782,1.19474148036864
"APOE_included","forward_primary","rs6415788",311,0.0659583229174087,0.0551492534833758,0.231697862822136,-0.0421342139100078,0.174050859744825,1.06818219752061,0.958741095545899,1.19011609328196
"APOE_included","forward_primary","rs6428637",311,0.0660427327507963,0.055076793687213,0.230488009201186,-0.0419077828761412,0.173993248377734,1.06827236640744,0.958958208863043,1.19004753104183
"APOE_included","forward_primary","rs643381",311,0.0670855349620017,0.0551080915368329,0.223473150343798,-0.0409263244501909,0.175097394374194,1.06938694423441,0.959899848491752,1.1913622429422
"APOE_included","forward_primary","rs643884",311,0.0705714365246,0.0549518965363492,0.199057911102547,-0.0371342806866443,0.178277153735844,1.07312122674353,0.963546740943675,1.19515651743027
"APOE_included","forward_primary","rs6465351",311,0.0670399136024129,0.0551218731765322,0.223903966469139,-0.0409989578235901,0.175078785028416,1.06933815846093,0.959830130259597,1.19134007267656
"APOE_included","forward_primary","rs6474401",311,0.0629846309322042,0.0550978318792502,0.252979750167837,-0.0450071195511262,0.170976381415535,1.06501047088739,0.95599067558438,1.18646272612067
"APOE_included","forward_primary","rs6602909",311,0.0677309903829838,0.0551337502013899,0.219264921029705,-0.0403311600117404,0.175793140777708,1.07007740864272,0.960471316787984,1.19219141735212
"APOE_included","forward_primary","rs66514362",311,0.0637620071354683,0.0549131630284006,0.245583955655441,-0.0438677924001969,0.171391806671133,1.06583870656733,0.957080482422482,1.18695571509487
"APOE_included","forward_primary","rs66530629",311,0.0656166740468449,0.0550875459185191,0.233600805214498,-0.0423549159534526,0.173588264047142,1.06781731661339,0.958529522775108,1.18956567801715
"APOE_included","forward_primary","rs6679233",311,0.0651754456741239,0.0550232549995859,0.236212319394891,-0.0426701341250644,0.173021025473312,1.06734626924379,0.958227424467442,1.18889110181938
"APOE_included","forward_primary","rs6690625",311,0.0667334066252937,0.0551175851410715,0.225992691001568,-0.0412970602512065,0.174763873501794,1.06901044907964,0.959544045211109,1.19096496502151
"APOE_included","forward_primary","rs6702992",311,0.0674495809311721,0.0550761142040941,0.220702893176702,-0.0404996029088524,0.175398764771197,1.06977632111218,0.960309545841757,1.19172133836198
"APOE_included","forward_primary","rs6733795",311,0.0669496715240939,0.055079826040817,0.224174459377019,-0.0410067875159074,0.174906130564095,1.06924166351711,0.959822615114421,1.19113440025013
"APOE_included","forward_primary","rs6775517",311,0.0636014275477001,0.055000537008173,0.247526453152975,-0.044199624988319,0.171402480083719,1.06566756836822,0.956762944616568,1.18696838403055
"APOE_included","forward_primary","rs6864465",311,0.0653689391474647,0.055045849390105,0.235016184048967,-0.0425209256571411,0.17325880395207,1.06755281376255,0.958370410780488,1.18917382814877
"APOE_included","forward_primary","rs6967414",311,0.0651797877706636,0.0550350044266764,0.236281156552883,-0.0426888209056222,0.173048396446949,1.0673509037744,0.95820951844914,1.18892364337173
"APOE_included","forward_primary","rs6972333",311,0.0685386110833959,0.0550062429401083,0.212758839709986,-0.0392736250792163,0.176350847246008,1.07094197438259,0.961487586032573,1.19285649565903
"APOE_included","forward_primary","rs7004509",311,0.068368701311981,0.0551041707027978,0.214710178176399,-0.0396354732655027,0.176372875889465,1.07076002633433,0.9611397364316,1.19288277295889
"APOE_included","forward_primary","rs7032549",311,0.0676108015499574,0.0551051169702611,0.219844260747661,-0.0403952277117544,0.175616830811669,1.06994880501624,0.960409783570955,1.19198124065248
"APOE_included","forward_primary","rs71450364",311,0.0667519286658662,0.0551113227302901,0.225811152785854,-0.0412662638855025,0.174770121217235,1.06903024951792,0.959573596135463,1.19097240585496
"APOE_included","forward_primary","rs71518321",311,0.0685797345946702,0.0551248296994694,0.213469877651814,-0.0394649316162899,0.17662440080563,1.07098601618251,0.961303664765282,1.19318285043525
"APOE_included","forward_primary","rs715880",311,0.0655060373741836,0.0550519342247333,0.234087548970796,-0.0423957537062937,0.173407828454661,1.06769918339352,0.958490379382635,1.18935105739242
"APOE_included","forward_primary","rs7182622",311,0.0633874984241163,0.0545656764273406,0.245368127981087,-0.0435612273734712,0.170336224221704,1.06543961542305,0.957373934804975,1.18570344652641
"APOE_included","forward_primary","rs7244849",311,0.0664807344345718,0.0550815950197923,0.227451377002115,-0.0414791918042211,0.174440660673365,1.06874037398923,0.959369297877954,1.1905800920679
"APOE_included","forward_primary","rs72717436",311,0.0659745931716015,0.0551050962409049,0.231209008507229,-0.0420313954605721,0.173980581803775,1.06819957725787,0.958839676886657,1.19003245731223
"APOE_included","forward_primary","rs72730598",311,0.0657031357598645,0.0551228971238569,0.233285129847891,-0.0423377426028951,0.173744014122624,1.0679096459192,0.95854598407997,1.18975096739033
"APOE_included","forward_primary","rs72752884",311,0.0651387875185642,0.055184309873217,0.237846722324239,-0.0430224598329411,0.173300034870069,1.06730714301537,0.957889875778842,1.18922285988817
"APOE_included","forward_primary","rs73245347",311,0.0652911069741899,0.055013644979672,0.235299970392878,-0.0425356371859672,0.173117851134347,1.06746972704042,0.958356311790273,1.18900622255944
"APOE_included","forward_primary","rs743590",311,0.0661122386163908,0.0550726170224953,0.229962396398739,-0.0418300907476999,0.174054567980481,1.06834662018347,0.959032715261618,1.19012050652108
"APOE_included","forward_primary","rs74417235",311,0.0626701132143787,0.0549748983097237,0.254295932185044,-0.0450806874726798,0.170420913901437,1.06467555889527,0.955920347924314,1.18580386762381
"APOE_included","forward_primary","rs74626145",311,0.0682086070506211,0.0550610689081889,0.215426605016993,-0.0397110880094291,0.176128302110671,1.07058861751997,0.961067062844184,1.19259106078548
"APOE_included","forward_primary","rs7464181",311,0.0676909819957286,0.0550707532603379,0.219010359961594,-0.0402476943945337,0.175629658385991,1.07003459742777,0.960551486464908,1.1919965309785
"APOE_included","forward_primary","rs747578",311,0.066528911749487,0.0550912367949119,0.227196030606391,-0.0414499123685404,0.174507735867514,1.06879186427112,0.959397388080836,1.19065995313704
"APOE_included","forward_primary","rs752590",311,0.0670943764683781,0.0552071315986824,0.224243753980508,-0.0411116014650394,0.175300354401796,1.0693963992677,0.959722017587769,1.19160406639533
"APOE_included","forward_primary","rs7550758",311,0.066455701942133,0.0550962518528547,0.227750158629872,-0.0415329516894622,0.174444355573728,1.06871362108875,0.95931772368092,1.19058449115084
"APOE_included","forward_primary","rs75792643",311,0.0647155408431112,0.0552018026364875,0.241058691315983,-0.0434799923244042,0.172911074010627,1.06685550439942,0.957451710282549,1.18876038868994
"APOE_included","forward_primary","rs7647352",311,0.0717129020264562,0.0544421836268559,0.187761390127947,-0.0349937778821814,0.178419581935094,1.0743468569774,0.965611424386924,1.1953267535438
"APOE_included","forward_primary","rs7676376",311,0.0666200964289299,0.0550787040016517,0.226454053718856,-0.0413341634143074,0.174574356272167,1.0688893261581,0.959508443752365,1.19073927802722
"APOE_included","forward_primary","rs7697279",311,0.0685664327068061,0.0550283506382391,0.212757004417422,-0.0392891345441426,0.176421999957755,1.07097177014137,0.96147267399022,1.19294137365303
"APOE_included","forward_primary","rs7701575",311,0.066636538024498,0.0550858004888352,0.226399289850249,-0.0413316309336191,0.174604706982615,1.06890690054858,0.959510873692046,1.19077541835871
"APOE_included","forward_primary","rs77486408",311,0.0667120745233235,0.0550837354543839,0.225855950822194,-0.0412520469672689,0.174676196013916,1.06898764508296,0.959587238411794,1.19086054878277
"APOE_included","forward_primary","rs77541036",311,0.0676517285390901,0.0550937280352061,0.219469927538776,-0.0403319784099138,0.175635435488094,1.06999259569546,0.960470530740334,1.19200341728406
"APOE_included","forward_primary","rs77542162",311,0.0623804159440268,0.0547114219276806,0.254214767653535,-0.0448539710342271,0.169614802922281,1.06436716996392,0.956137095350214,1.18484836328
"APOE_included","forward_primary","rs7766720",311,0.0657575921854301,0.0550440481386637,0.232229343561076,-0.0421287421663508,0.173643926537211,1.06796780204481,0.95874634154576,1.18963189404774
"APOE_included","forward_primary","rs78622623",311,0.068568828144069,0.0549801227679731,0.212340048377388,-0.0391922124811584,0.176329868769296,1.07097433559013,0.961565866421414,1.1928314716093
"APOE_included","forward_primary","rs78839561",311,0.0681073248009803,0.0550514827692937,0.216028818455937,-0.0397935814268353,0.176008231028796,1.07048019138727,0.960987784407833,1.19244787368306
"APOE_included","forward_primary","rs791270",311,0.0702586201411025,0.0548767154307269,0.200439895152047,-0.0372997421031222,0.177816982385327,1.0727855893415,0.96338732432409,1.19460666716394
"APOE_included","forward_primary","rs7916396",311,0.068333114678045,0.0550336802388944,0.214362065851666,-0.0395328985901879,0.176199127946278,1.07072192226724,0.961238330084516,1.19267553003516
"APOE_included","forward_primary","rs7931938",311,0.0692388812278642,0.0550238655174444,0.208267833530083,-0.0386078951863267,0.177085657642055,1.07169218571835,0.962127890171392,1.19373334113116
"APOE_included","forward_primary","rs797192",311,0.0663589583321834,0.0550900982200248,0.228375803124775,-0.0416176341790653,0.174335550843432,1.0686102348761,0.959236489707354,1.19045495697348
"APOE_included","forward_primary","rs797343",311,0.0676964051473277,0.0551008498972293,0.219225212858789,-0.0403012606512418,0.175694070945897,1.07004040040335,0.960500034695454,1.1920733129993
"APOE_included","forward_primary","rs8000803",311,0.0670924567862329,0.0550858411651908,0.223238444504954,-0.040875791897541,0.175060705470007,1.06939434636849,0.959948355906976,1.19131853396884
"APOE_included","forward_primary","rs800881",311,0.0670771474023159,0.0551209891585568,0.2236393959468,-0.0409599913484554,0.175114286153087,1.06937797472521,0.959867532185207,1.19138236733976
"APOE_included","forward_primary","rs8020977",311,0.0616157853627159,0.0546660154042736,0.259686906838084,-0.0455296048296604,0.168761175555092,1.06355363334315,0.95549131499561,1.1838373758558
"APOE_included","forward_primary","rs8026198",311,0.0626865689937427,0.0546530559819637,0.251385297786415,-0.0444334207309061,0.169806558718392,1.06469307910551,0.95653928365996,1.18507558660617
"APOE_included","forward_primary","rs80320191",311,0.068416978832994,0.0550304512586124,0.213773244006792,-0.0394427056338863,0.176276663299874,1.07081172122185,0.96132503092106,1.19276800813922
"APOE_included","forward_primary","rs833805",311,0.0767754729406905,0.0551688478976939,0.164029806240354,-0.0313554689387896,0.184906414820171,1.07979960494298,0.969131015866203,1.20310584198244
"APOE_included","forward_primary","rs847821",311,0.0649898666511236,0.055018130145983,0.237505586220537,-0.042845668435003,0.17282540173725,1.06714821054428,0.958059237439453,1.18865854924741
"APOE_included","forward_primary","rs855791",311,0.0617638817553498,0.0569970498566227,0.278527571548812,-0.0499503359636306,0.17347809947433,1.06371115346341,0.951276667566579,1.18943463724056
"APOE_included","forward_primary","rs863678",311,0.0671426316208354,0.0551642917153429,0.223551191156079,-0.0409793801412367,0.175264643382907,1.06944800439908,0.959848921692946,1.19156151375981
"APOE_included","forward_primary","rs865483",311,0.0687433331147814,0.0550107912903382,0.211433423529457,-0.0390778178142815,0.176564484043844,1.07116124224279,0.961675870720216,1.19311136092437
"APOE_included","forward_primary","rs871841",311,0.0666258126733612,0.055140912510301,0.22693852644503,-0.0414503758468289,0.174702001193551,1.06889543620822,0.95939694342108,1.19089127954966
"APOE_included","forward_primary","rs885506",311,0.0652905181332838,0.0550187349843441,0.235347514643946,-0.0425462024360306,0.173127238702598,1.06746909847077,0.958346186569677,1.1890173844889
"APOE_included","forward_primary","rs8887",311,0.0670147904110148,0.055221513672699,0.224914611302973,-0.0412193763874753,0.175248957209505,1.06931129361118,0.959618589195357,1.19154282286588
"APOE_included","forward_primary","rs909236",311,0.0682460434351458,0.05502738655364,0.214894180118571,-0.0396076342099887,0.17609972108028,1.07062869723734,0.96116649402653,1.19255697579122
"APOE_included","forward_primary","rs9302635",311,0.0706048286690868,0.0549425775311728,0.198769283006372,-0.0370826232920119,0.178292280630185,1.07315706116087,0.963596516543547,1.19517459657337
"APOE_included","forward_primary","rs9303620",311,0.0680646106527095,0.0551041883937024,0.216756638714899,-0.0399395985989471,0.176068819904366,1.07043446771418,0.960847473933238,1.19252012494769
"APOE_included","forward_primary","rs9327454",311,0.07215266130745,0.0545755411470562,0.186144991196327,-0.0348153993407802,0.17912072195568,1.07481941487701,0.965783684107629,1.19616513884678
"APOE_included","forward_primary","rs9370102",311,0.0656111692358034,0.0550417228017928,0.233251018110875,-0.0422706074557104,0.173492945927317,1.06781143849702,0.958610338365887,1.18945229625706
"APOE_included","forward_primary","rs9400888",311,0.0678969462183254,0.0550608707953989,0.217529064328765,-0.0400223605406565,0.175816252977307,1.07025500896945,0.960767955621199,1.19221897183654
"APOE_included","forward_primary","rs9403391",311,0.0659486157809882,0.0550751078775243,0.231138788701346,-0.0419985956589595,0.173895827220936,1.06817182858062,0.958871127153615,1.18993160088183
"APOE_included","forward_primary","rs9456859",311,0.066283208069965,0.0550903657262805,0.228909609356553,-0.0416939087535448,0.174260324893475,1.06852929043642,0.959163327142534,1.19036540723673
"APOE_included","forward_primary","rs9633514",311,0.0685033796812408,0.0551331763750818,0.214049411578102,-0.0395576460139196,0.176564405376401,1.07090424425985,0.9612145422066,1.19311126706535
"APOE_included","forward_primary","rs9645770",311,0.0691784673228908,0.0549761429172735,0.208270217278408,-0.0385747727949653,0.176931707440747,1.07162744256419,0.962159758675688,1.19354957978839
"APOE_included","forward_primary","rs9690544",311,0.0655807344878383,0.0550922822114864,0.233897187262313,-0.042400138646675,0.173561607622352,1.06777894041955,0.958486176468681,1.18953396887175
"APOE_included","forward_primary","rs972874",311,0.069394040037175,0.0549676246413725,0.206785845283086,-0.0383425042599151,0.177130584334265,1.07185848110259,0.96238326406895,1.19378697282629
"APOE_included","forward_primary","rs9816588",311,0.0702639453937325,0.0550202228426798,0.201582222704656,-0.0375756913779198,0.178103582165385,1.07279130221099,0.96312151496723,1.19494909023885
"APOE_included","forward_primary","rs9838674",311,0.070639931681122,0.0546807560809199,0.196405314711867,-0.036534350237481,0.177814213599725,1.0731947328673,0.964124975405647,1.19460335955878
"APOE_included","forward_primary","rs9861140",311,0.0648936885048932,0.0549712132097174,0.237800171722446,-0.0428498893861529,0.172637266395939,1.06704557914317,0.958055193526748,1.18843494160046
"APOE_included","forward_primary","rs9895661",311,0.0588444401175519,0.0549168840527784,0.283936496920227,-0.0487926526258936,0.166481532860997,1.06061023950252,0.952378582425366,1.18114172336058
"APOE_included","forward_primary","rs9953010",311,0.0651003893368682,0.0550105327635091,0.236643997430373,-0.0427202548796097,0.172921033553346,1.06726616114859,0.958179398589459,1.18877222825877
"APOE_included","forward_primary","rs999010",311,0.062355237402985,0.0550643562993116,0.257463554993338,-0.0455709009436658,0.170281375749636,1.06434037108882,0.955451857732056,1.18563841428752
"APOE_excluded","forward_apoe_exclusion_sensitivity","rs10002832",311,0.0651403760516768,0.0552074590859521,0.238032099881465,-0.0430662437567892,0.173346995860143,1.06730883846946,0.957847936519605,1.18927870828242
"APOE_excluded","forward_apoe_exclusion_sensitivity","rs10091384",311,0.0660773259241968,0.055266802503848,0.231850311848616,-0.0422456069833454,0.174400258831739,1.06830932197786,0.95863430437674,1.19053199141126
"APOE_excluded","forward_apoe_exclusion_sensitivity","rs10111737",311,0.0685884756471683,0.0552075455489565,0.214098226818614,-0.0396183136287864,0.176795264923123,1.07099537776842,0.961156229381817,1.19338673998821
"APOE_excluded","forward_apoe_exclusion_sensitivity","rs1016144",311,0.0662955713860868,0.0552855034113324,0.230469906602501,-0.0420640153001246,0.174655158072298,1.06854250108349,0.958808400200363,1.1908354957916
"APOE_excluded","forward_apoe_exclusion_sensitivity","rs10265221",311,0.0836434182267491,0.0555889014656237,0.132406784012906,-0.0253108286458733,0.192597665099372,1.08724113430733,0.975006804878703,1.21239490659447
"APOE_excluded","forward_apoe_exclusion_sensitivity","rs1043893",311,0.0632758864589412,0.0549131131492842,0.249201511096592,-0.0443538153136559,0.170905588231538,1.06532070624976,0.956615432399638,1.18637873561961
"APOE_excluded","forward_apoe_exclusion_sensitivity","rs10449775",311,0.0600291077247639,0.0543034006371829,0.268969326194764,-0.0464055575241146,0.166463772973642,1.06186745464113,0.95465471626766,1.1811207466029
"APOE_excluded","forward_apoe_exclusion_sensitivity","rs1062601",311,0.0668382983680715,0.0553633424629141,0.227329599326488,-0.0416738528592403,0.175350449595383,1.06912258532967,0.959182564213752,1.19166376152692
"APOE_excluded","forward_apoe_exclusion_sensitivity","rs1075871",311,0.0669530620790117,0.0553351205399716,0.226295770297625,-0.0415037741793327,0.175409898337356,1.06924528884583,0.959345714591871,1.1917346065442
"APOE_excluded","forward_apoe_exclusion_sensitivity","rs10779596",311,0.0706852858691727,0.0550352951437341,0.199015042089604,-0.0371838926125462,0.178554464350892,1.07324340784683,0.963498938719951,1.19548799297792
"APOE_excluded","forward_apoe_exclusion_sensitivity","rs10812219",311,0.0679151686787746,0.0552476440314548,0.218964503961576,-0.0403702136228769,0.176200550980426,1.07027451182672,0.960433807647109,1.19267722725438
"APOE_excluded","forward_apoe_exclusion_sensitivity","rs10840457",311,0.0680817412205048,0.055310605622939,0.218360830561901,-0.0403270458004556,0.176490528241465,1.07045280502146,0.960475268378043,1.1930231266791
"APOE_excluded","forward_apoe_exclusion_sensitivity","rs10859044",311,0.0654082464567559,0.055245828740033,0.236433231970363,-0.0428735778737089,0.173690070787221,1.06759477721592,0.958032498917019,1.18968678998584
"APOE_excluded","forward_apoe_exclusion_sensitivity","rs10898979",311,0.0654438572598619,0.0552341684508726,0.236079245436069,-0.0428151129038484,0.173702827423572,1.06763279580026,0.958088511895576,1.18970196648439
"APOE_excluded","forward_apoe_exclusion_sensitivity","rs10900027",311,0.0687354718338375,0.0552806753586405,0.213723934281568,-0.0396146518690978,0.177085595536773,1.07115282157643,0.961159748911396,1.19373326699401
"APOE_excluded","forward_apoe_exclusion_sensitivity","rs10904089",311,0.0626062546627484,0.0550112833379051,0.255094567422251,-0.0452158606795456,0.170428370005042,1.0646075724269,0.955791141838174,1.18581270913326
"APOE_excluded","forward_apoe_exclusion_sensitivity","rs10956934",311,0.0657588661532028,0.0553713777765929,0.234992334096638,-0.0427690342889194,0.174286766595325,1.06796916260224,0.958132660304325,1.19039688294006
"APOE_excluded","forward_apoe_exclusion_sensitivity","rs10958605",311,0.0657572276691345,0.0552709863375616,0.234154827149313,-0.0425739055524863,0.174088360890755,1.06796741275322,0.95831963776141,1.19016072483611
"APOE_excluded","forward_apoe_exclusion_sensitivity","rs11056375",311,0.0684013477688823,0.055249582441153,0.215700191173732,-0.0398878338157777,0.176690529353542,1.07079498342599,0.960897213281747,1.19326175649349
"APOE_excluded","forward_apoe_exclusion_sensitivity","rs11098259",311,0.067153966814926,0.0553552105991531,0.225073905423968,-0.0413422459594142,0.175650179589266,1.06946012686848,0.959500688513429,1.19202099243261
"APOE_excluded","forward_apoe_exclusion_sensitivity","rs11122219",311,0.0677465519974426,0.055265565862416,0.220260180260484,-0.0405739570928927,0.176067061087778,1.07009406090436,0.960238145463541,1.19251802752536
"APOE_excluded","forward_apoe_exclusion_sensitivity","rs11124926",311,0.0689142690928576,0.0552868836048573,0.212586406113127,-0.0394480227726628,0.177276560958378,1.07134435788749,0.961319919436051,1.19396125053842
"APOE_excluded","forward_apoe_exclusion_sensitivity","rs111979456",311,0.0698612358225626,0.0551069578115046,0.204891196865993,-0.0381484014879864,0.177870873133112,1.07235936586401,0.962570083458657,1.19467104714527
"APOE_excluded","forward_apoe_exclusion_sensitivity","rs112524225",311,0.0671740027074666,0.0552665089638048,0.224192270423536,-0.0411483548615909,0.175496360276524,1.06948155467132,0.959686745192071,1.19183765068389
"APOE_excluded","forward_apoe_exclusion_sensitivity","rs11258533",311,0.0650340810976982,0.0552562807962584,0.239214008616305,-0.0432682292629684,0.173336391458365,1.06719539495493,0.957654484657199,1.18926609676004
"APOE_excluded","forward_apoe_exclusion_sensitivity","rs112597538",311,0.0657196431875075,0.055294807136729,0.234623912533588,-0.0426581788004813,0.174097465175496,1.06792727450591,0.958238880455806,1.19017156044756
"APOE_excluded","forward_apoe_exclusion_sensitivity","rs113051151",311,0.0618677686477028,0.054962574961806,0.26032027369936,-0.045858878277437,0.169594415572843,1.06382166484975,0.955176748867979,1.18482420760863
"APOE_excluded","forward_apoe_exclusion_sensitivity","rs113670117",311,0.0657420587139438,0.0552357601088609,0.233964541886356,-0.0425200310994236,0.174004148527311,1.06795121292625,0.958371268098519,1.19006050280862
"APOE_excluded","forward_apoe_exclusion_sensitivity","rs114922507",311,0.0662937866053523,0.0552671230238231,0.230327449651717,-0.0420297745213411,0.174617347732046,1.06854059397112,0.958841231108765,1.19079047074753
"APOE_excluded","forward_apoe_exclusion_sensitivity","rs11556924",311,0.0673126397461078,0.055304390965762,0.223554714257155,-0.0410839665467858,0.175709246039001,1.06962983470526,0.959748539793739,1.19209140296007
"APOE_excluded","forward_apoe_exclusion_sensitivity","rs11615482",311,0.0672207979821302,0.0553196056856326,0.224314544924515,-0.0412056291617096,0.17564722512597,1.06953160252541,0.959631781379429,1.19201747065554
"APOE_excluded","forward_apoe_exclusion_sensitivity","rs11641118",311,0.0714750649815469,0.0550835727531017,0.194433429553449,-0.0364887376145324,0.179438867577626,1.07409136787932,0.964168952677577,1.19654575409116
"APOE_excluded","forward_apoe_exclusion_sensitivity","rs11686019",311,0.0664657974187478,0.0552820123546257,0.229245677804791,-0.0418869467963186,0.174818541633814,1.06872441031658,0.958978190000993,1.19103007463115
"APOE_excluded","forward_apoe_exclusion_sensitivity","rs116924736",311,0.0666908988053567,0.0552673219292019,0.227548943835955,-0.041633052175879,0.175014849786592,1.06896500874175,0.959221700316224,1.1912639064958
"APOE_excluded","forward_apoe_exclusion_sensitivity","rs11694902",311,0.0638268481006289,0.0551673513272982,0.247285523612827,-0.0443011605008755,0.171954856702133,1.0659078188184,0.956665804132279,1.18762421872989
"APOE_excluded","forward_apoe_exclusion_sensitivity","rs11704728",311,0.0683967994148219,0.0552351007986561,0.215610386080445,-0.0398639981505442,0.176657596980188,1.07079011308236,0.960920117179011,1.19322246019888
"APOE_excluded","forward_apoe_exclusion_sensitivity","rs11720019",311,0.0659905871345389,0.0552922506604714,0.232678666692494,-0.0423822241599851,0.174363398429063,1.06821666213895,0.958503347410335,1.19048810873143
"APOE_excluded","forward_apoe_exclusion_sensitivity","rs1175550",311,0.067053549936435,0.0554281953425201,0.226379749914609,-0.0415857129349044,0.175692812807774,1.06935274041267,0.95926711021827,1.19207181320736
"APOE_excluded","forward_apoe_exclusion_sensitivity","rs11758702",311,0.0681512137863598,0.0552687511036784,0.217543068864354,-0.0401755383768498,0.176477965949569,1.07052717470775,0.960620798535563,1.19300813966848
"APOE_excluded","forward_apoe_exclusion_sensitivity","rs11784090",311,0.0651418205046462,0.0551929578676137,0.237898406437916,-0.0430363769158766,0.173320017925169,1.06731038014799,0.957876544838762,1.18924662443154
"APOE_excluded","forward_apoe_exclusion_sensitivity","rs11978933",311,0.0683697596662137,0.0552296404793428,0.215746510418022,-0.0398803356732981,0.176619855005725,1.07076115957834,0.960904418252973,1.19317742647709
"APOE_excluded","forward_apoe_exclusion_sensitivity","rs12035773",311,0.0681900743278559,0.0552431894283309,0.217068173528986,-0.0400865769516727,0.176466725607384,1.07056877678178,0.96070626053221,1.19299472992413
"APOE_excluded","forward_apoe_exclusion_sensitivity","rs12120512",311,0.0678706340089907,0.0552570952250991,0.219345617575074,-0.0404332726322036,0.176174540650185,1.0702268485661,0.960373245552188,1.19264620572927
"APOE_excluded","forward_apoe_exclusion_sensitivity","rs12192672",311,0.0641347827282352,0.0553453908553984,0.246533711527339,-0.0443421833483457,0.172611748804816,1.06623609928752,0.956626559781879,1.18840461599046
"APOE_excluded","forward_apoe_exclusion_sensitivity","rs12265787",311,0.0705773214792334,0.0549673879945576,0.199147077838997,-0.0371587589900996,0.178313401948566,1.07312754203185,0.963523155242827,1.19519984050314
"APOE_excluded","forward_apoe_exclusion_sensitivity","rs1232605",311,0.0662984225602727,0.0552765311355861,0.230374197521445,-0.0420435784654761,0.174640423586021,1.06854554768863,0.958827995409329,1.1908179495716
"APOE_excluded","forward_apoe_exclusion_sensitivity","rs1239682",311,0.0666485175680766,0.0553067355278462,0.228176072066902,-0.041752684066502,0.175049719202655,1.06891970564208,0.959106953674504,1.19130544589682
"APOE_excluded","forward_apoe_exclusion_sensitivity","rs1256061",311,0.0663535854234588,0.0553795659629013,0.23085470140833,-0.0421903638638277,0.174897534710745,1.06860449334627,0.958687263788998,1.19112416147751
"APOE_excluded","forward_apoe_exclusion_sensitivity","rs1257415",311,0.0656961625871168,0.0552777288289957,0.234646581271898,-0.0426481859177148,0.174040511091948,1.06790219922672,0.958248456072445,1.19010377724736
"APOE_excluded","forward_apoe_exclusion_sensitivity","rs12742784",311,0.068492127654064,0.0552483165752901,0.215081089079472,-0.0397945728335046,0.176778828141633,1.07089219448398,0.960986831678606,1.19336712471234
"APOE_excluded","forward_apoe_exclusion_sensitivity","rs12772945",311,0.0651170671014673,0.0551749618714018,0.237923726792794,-0.0430258581664802,0.173259992369415,1.06728396091082,0.957886620555081,1.18917524138441
"APOE_excluded","forward_apoe_exclusion_sensitivity","rs12800440",311,0.0663063862297827,0.0552825404262202,0.23036888156594,-0.042047393005609,0.174660165465174,1.06855405726611,0.958824337928436,1.19084145878771
"APOE_excluded","forward_apoe_exclusion_sensitivity","rs12811512",311,0.0672916115971367,0.0553481991390387,0.224066136895944,-0.0411908587153793,0.175774081909653,1.06960734260623,0.959645955673833,1.19216869574972
"APOE_excluded","forward_apoe_exclusion_sensitivity","rs128494",311,0.0692737222369328,0.0554361070232466,0.211440673502667,-0.0393810475286304,0.177928492002496,1.07172952520598,0.961384306228385,1.19473988472345
"APOE_excluded","forward_apoe_exclusion_sensitivity","rs12881869",311,0.0638938816990208,0.0552011759652386,0.247079083212907,-0.0443004231928468,0.172088186590888,1.06597927284993,0.956666509489918,1.18778257509144
"APOE_excluded","forward_apoe_exclusion_sensitivity","rs12889267",311,0.0670533218784506,0.0553060346592434,0.225357326136528,-0.0413465060536665,0.175453149810568,1.06935249653826,0.959496600958768,1.19178615193631
"APOE_excluded","forward_apoe_exclusion_sensitivity","rs12894354",311,0.0706118873565014,0.0550158047253368,0.199322674563119,-0.0372190899051588,0.178442864618162,1.07316463626785,0.963465026762681,1.19535458428175
"APOE_excluded","forward_apoe_exclusion_sensitivity","rs12967734",311,0.0684768540956806,0.0552977477765115,0.215593763980402,-0.0399067315462819,0.176860439737643,1.07087583827443,0.960879054676747,1.1934645212823
"APOE_excluded","forward_apoe_exclusion_sensitivity","rs12987661",311,0.0674081037451027,0.055286853292247,0.222752010926584,-0.0409541287077014,0.175770336197907,1.06973195072085,0.959873159560215,1.1921642302378
"APOE_excluded","forward_apoe_exclusion_sensitivity","rs13005282",311,0.0635090740116168,0.0550416703594666,0.248567313127291,-0.0443725998929377,0.171390747916171,1.06556915474449,0.956597462949981,1.18695445840029
"APOE_excluded","forward_apoe_exclusion_sensitivity","rs13007705",311,0.0713484472020931,0.0549397447736009,0.194058148319027,-0.0363334525541647,0.179030346958351,1.07395537742498,0.96431868533692,1.19605704031033
"APOE_excluded","forward_apoe_exclusion_sensitivity","rs13033531",311,0.0641559921159632,0.0550521278263543,0.243870035068576,-0.0437461784236912,0.172058162655618,1.06625871374218,0.957196883863663,1.18774691371964
"APOE_excluded","forward_apoe_exclusion_sensitivity","rs13080281",311,0.0675273264280727,0.0553122222746175,0.222146927418204,-0.0408846292301776,0.175939282086323,1.06985949463698,0.959939872561526,1.19236565849757
"APOE_excluded","forward_apoe_exclusion_sensitivity","rs13103534",311,0.0717975869189103,0.0549881167668951,0.191657055058279,-0.035979121944204,0.179574295782025,1.07443784177791,0.964660433507235,1.19670781110741
"APOE_excluded","forward_apoe_exclusion_sensitivity","rs13107325",311,0.0664855899073625,0.0552787050406799,0.229079189118629,-0.0418606719723702,0.174831851787095,1.06874556324164,0.959003387315131,1.1910459275295
"APOE_excluded","forward_apoe_exclusion_sensitivity","rs13145825",311,0.0673548634887346,0.055285874659025,0.223109423958022,-0.0410054508429544,0.175715177820424,1.06967499943361,0.959823898084208,1.19209847420668
"APOE_excluded","forward_apoe_exclusion_sensitivity","rs13207351",311,0.071618043250552,0.0553929101719149,0.196042214953453,-0.0369520606864013,0.180188147187505,1.07424495058309,0.963722334428881,1.19744263739321
"APOE_excluded","forward_apoe_exclusion_sensitivity","rs13306780",311,0.0685610913252512,0.0553383150052488,0.21536611712162,-0.0399020060850365,0.177024188735539,1.07096604968779,0.96088359528421,1.19365996590318
"APOE_excluded","forward_apoe_exclusion_sensitivity","rs13389219",311,0.0729639981311961,0.054878279864214,0.183663090305315,-0.0345974304026633,0.180525426665056,1.07569180930218,0.965994217895784,1.19784657833701
"APOE_excluded","forward_apoe_exclusion_sensitivity","rs1340817",311,0.069235162867149,0.0553221193481725,0.210755208010043,-0.039196191055269,0.177666516789567,1.07168820078763,0.961562040767963,1.19442693348227
"APOE_excluded","forward_apoe_exclusion_sensitivity","rs13415550",311,0.0695928534815985,0.0551379243629855,0.206891408882397,-0.0384774782698531,0.17766318523305,1.07207160216412,0.962253376106648,1.19442295418807
"APOE_excluded","forward_apoe_exclusion_sensitivity","rs1354674",311,0.0680037601906356,0.0552978730808794,0.218782603090304,-0.0403800710478881,0.176387591429159,1.07036933326395,0.960424340289533,1.19290032700184
"APOE_excluded","forward_apoe_exclusion_sensitivity","rs13621",311,0.0647780072407097,0.0552572911769972,0.241077468379914,-0.0435262834662048,0.173082297947624,1.06692214910104,0.957407389775492,1.18896395035066
"APOE_excluded","forward_apoe_exclusion_sensitivity","rs1373866",311,0.0660326810349886,0.0552679124915808,0.232175227008021,-0.0422924274485097,0.174357789518487,1.06826162849118,0.958589421723408,1.19048143140881
"APOE_excluded","forward_apoe_exclusion_sensitivity","rs138058297",311,0.0675771451452424,0.0552960704328013,0.221671061276005,-0.0408031529030482,0.175957443193533,1.06991279499222,0.960018088122923,1.19238731337477
"APOE_excluded","forward_apoe_exclusion_sensitivity","rs142552223",311,0.0646118256297818,0.055191070939467,0.241722016191911,-0.0435626734115735,0.172786324671137,1.06674486099099,0.957372550406788,1.18861210086624
"APOE_excluded","forward_apoe_exclusion_sensitivity","rs1426374",311,0.0658543874411864,0.0552862667017923,0.233593633116607,-0.0425066952943266,0.174215470176699,1.06807118126458,0.958384048836181,1.19031201493099
"APOE_excluded","forward_apoe_exclusion_sensitivity","rs1427445",311,0.0666794133889968,0.0553405884760355,0.22824512951037,-0.0417881400240329,0.175146966802026,1.06895273130406,0.959072948221939,1.19142130312488
"APOE_excluded","forward_apoe_exclusion_sensitivity","rs1438898",311,0.0665702942021276,0.0553753064818395,0.229299334755662,-0.0419653065022778,0.175105894906533,1.06883609441499,0.958903047696106,1.19137237019852
"APOE_excluded","forward_apoe_exclusion_sensitivity","rs143991670",311,0.0689182867812265,0.0552822373625342,0.212521310581998,-0.0394348984493405,0.177271472011794,1.07134866222391,0.961332536192283,1.19395517454886
"APOE_excluded","forward_apoe_exclusion_sensitivity","rs147804508",311,0.0673735642817493,0.0551482595253191,0.221828397710406,-0.0407170243878761,0.175464152951375,1.06969500339141,0.960100776616259,1.1917992653993
"APOE_excluded","forward_apoe_exclusion_sensitivity","rs1479559",311,0.0702839548747601,0.0552582986301885,0.203402704530156,-0.0380223104404093,0.178590220189929,1.07281276842296,0.962691462581097,1.19553073941838
"APOE_excluded","forward_apoe_exclusion_sensitivity","rs148102803",311,0.0690881050157375,0.0551541093886093,0.210337665517469,-0.0390139493859368,0.177190159417412,1.07153061221105,0.961737293408121,1.19385809490299
"APOE_excluded","forward_apoe_exclusion_sensitivity","rs148462165",311,0.0672280376344375,0.0553013666696976,0.224111861158207,-0.0411626410381699,0.175618716307045,1.06953934559038,0.959673035035702,1.19198348812972
"APOE_excluded","forward_apoe_exclusion_sensitivity","rs148967402",311,0.0685432966761731,0.0552618168073683,0.214850634625036,-0.0397698642662687,0.176856457618615,1.07094699239232,0.9610105765797,1.19345976877398
"APOE_excluded","forward_apoe_exclusion_sensitivity","rs150844304",311,0.064551444010382,0.0551546626358186,0.241851508645002,-0.0435516947558224,0.172654582776586,1.0666804511534,0.957383061128141,1.18845552117046
"APOE_excluded","forward_apoe_exclusion_sensitivity","rs1539009",311,0.066433118616239,0.0552864600174285,0.229512173528872,-0.0419283430179208,0.174794580250399,1.06868948625328,0.958938492748992,1.19100153624478
"APOE_excluded","forward_apoe_exclusion_sensitivity","rs165944",311,0.0664988251190373,0.0552990201768556,0.229157589230298,-0.0418872544275996,0.174884904665674,1.068759708409,0.958977894989349,1.19110911762067
"APOE_excluded","forward_apoe_exclusion_sensitivity","rs1678960",311,0.0663667192219768,0.0552879393241143,0.22999051048277,-0.0419976418532873,0.174731080297241,1.06861852827455,0.958872041730772,1.19092591010417
"APOE_excluded","forward_apoe_exclusion_sensitivity","rs16874060",311,0.0630149000995814,0.0551776303629106,0.253438605317594,-0.0451332554117234,0.171163055610886,1.06504270835549,0.955870098482501,1.18668422876915
"APOE_excluded","forward_apoe_exclusion_sensitivity","rs16909970",311,0.0651999335907393,0.0552150361228016,0.237667655274036,-0.0430215372099518,0.173421404391431,1.06737240665026,0.95789075955047,1.18936720405678
"APOE_excluded","forward_apoe_exclusion_sensitivity","rs16942751",311,0.0709226152610099,0.054952141009977,0.196833690550274,-0.0367835811185451,0.178628811640565,1.07349815027984,0.963884715629892,1.19557687757416
"APOE_excluded","forward_apoe_exclusion_sensitivity","rs16956623",311,0.0658516659996893,0.0552746610690402,0.233514803389747,-0.0424866696956295,0.174190001695008,1.0680682745753,0.95840324124271,1.19028169987727
"APOE_excluded","forward_apoe_exclusion_sensitivity","rs17003427",311,0.0653569204677589,0.0552634599479533,0.236950832459574,-0.0429594610302295,0.173673301965747,1.06753998326432,0.957950223595046,1.18966684050771
"APOE_excluded","forward_apoe_exclusion_sensitivity","rs17006441",311,0.0626181286889536,0.055231457942801,0.256903507406998,-0.0456355288789364,0.170871786256844,1.06462021368017,0.955390110846549,1.18633863435336
"APOE_excluded","forward_apoe_exclusion_sensitivity","rs17185135",311,0.0631680594327931,0.0550540418370843,0.251223455991363,-0.044737862567892,0.171073981433478,1.06520584207895,0.956248117407137,1.1865785305552
"APOE_excluded","forward_apoe_exclusion_sensitivity","rs17278406",311,0.0638703830978307,0.055380212895348,0.248784428330122,-0.0446748341770513,0.172415600372713,1.06595422412243,0.956308390086647,1.1881715351483
"APOE_excluded","forward_apoe_exclusion_sensitivity","rs174574",311,0.0687817927489801,0.0554214935905519,0.214580959288402,-0.0398443346885016,0.177407920186462,1.07120243950455,0.960939012381033,1.19411809866816
"APOE_excluded","forward_apoe_exclusion_sensitivity","rs17476364",311,0.0702218348346288,0.0562456429982448,0.211853542220866,-0.0400196254419309,0.180463295111189,1.07274612732063,0.960770583420004,1.1977721565798
"APOE_excluded","forward_apoe_exclusion_sensitivity","rs17645325",311,0.0663777006378244,0.0552716164361377,0.229775841006131,-0.0419546675770056,0.174710068852654,1.06863026328342,0.958913249448241,1.19090088729329
"APOE_excluded","forward_apoe_exclusion_sensitivity","rs17654742",311,0.0695955253679664,0.0552940325982074,0.208158796484532,-0.03878077852452,0.177971829260453,1.07207446662145,0.961961568667493,1.19479166259597
"APOE_excluded","forward_apoe_exclusion_sensitivity","rs17672797",311,0.0675582167259281,0.0552717327820167,0.221597087221785,-0.0407743795268247,0.175890812978681,1.06989254342588,0.960045711481961,1.19230786699869
"APOE_excluded","forward_apoe_exclusion_sensitivity","rs17680229",311,0.069760240919126,0.0551905644674249,0.206234140817216,-0.0384132654370267,0.177933747275279,1.07225106850224,0.962315167105691,1.19474616342394
"APOE_excluded","forward_apoe_exclusion_sensitivity","rs17816693",311,0.0686356925712729,0.0552469608893395,0.214109920107322,-0.0396483507718326,0.176919735914378,1.07104594806977,0.961127359428252,1.19353529126366
"APOE_excluded","forward_apoe_exclusion_sensitivity","rs1800562",311,0.0492685309270571,0.0560628197903289,0.379504648957848,-0.0606145958619875,0.159151657716102,1.05050240525291,0.94118590682796,1.17251575425882
"APOE_excluded","forward_apoe_exclusion_sensitivity","rs1800961",311,0.0627052932017291,0.0553615339492252,0.257360869685008,-0.0458033133387523,0.17121389974221,1.06471301482681,0.955229824680027,1.18674456623181
"APOE_excluded","forward_apoe_exclusion_sensitivity","rs181669",311,0.0653384950103707,0.0552294373297574,0.236794289045187,-0.0429112021559537,0.173588192176695,1.06752031353306,0.957996454309961,1.18956559252253
"APOE_excluded","forward_apoe_exclusion_sensitivity","rs184088518",311,0.0596060021658327,0.0549391888463331,0.277945984047776,-0.0480748079729801,0.167286812304646,1.06141826765168,0.953062487737827,1.18209325558369
"APOE_excluded","forward_apoe_exclusion_sensitivity","rs1855557",311,0.0657966824889642,0.0552751694293674,0.23390967686244,-0.0425426495925958,0.174136014570524,1.06800955004632,0.958349591429683,1.19021744172554
"APOE_excluded","forward_apoe_exclusion_sensitivity","rs1863127",311,0.0628561966258592,0.0550161754965309,0.253244614109646,-0.0449755073473413,0.17068790059906,1.06487369578981,0.956020897034114,1.18612050374939
"APOE_excluded","forward_apoe_exclusion_sensitivity","rs1923032",311,0.0658785393500962,0.0552701259234078,0.233285727030192,-0.0424509074597831,0.174207986159976,1.06809697753397,0.958437516498336,1.1903031066493
"APOE_excluded","forward_apoe_exclusion_sensitivity","rs1949481",311,0.069761147081849,0.055033547862327,0.20493679498935,-0.0381046067283118,0.17762690089201,1.07225204013663,0.962612239907242,1.1943796161245
"APOE_excluded","forward_apoe_exclusion_sensitivity","rs1987070",311,0.0621783947100781,0.0550478967129905,0.258673219132582,-0.0457154828473832,0.170072272267539,1.06415216691319,0.955313726669421,1.18539051908536
"APOE_excluded","forward_apoe_exclusion_sensitivity","rs2002905",311,0.0660466247883531,0.0553247025121317,0.232556247542694,-0.042389792135425,0.174483041712131,1.06827652417171,0.958496093507992,1.19063055115818
"APOE_excluded","forward_apoe_exclusion_sensitivity","rs2020971",311,0.0659463574920833,0.0552711788750777,0.232813817601069,-0.042385153103069,0.174277868087235,1.06816941634275,0.958500540012696,1.19038629023089
"APOE_excluded","forward_apoe_exclusion_sensitivity","rs2043082",311,0.0664045192776941,0.05531571810864,0.22995924872463,-0.0420142882152402,0.174823326770628,1.06865892287791,0.95885608013255,1.19103577388664
"APOE_excluded","forward_apoe_exclusion_sensitivity","rs2070895",311,0.0690805404948387,0.0552902821140062,0.211513108916048,-0.0392884124486134,0.177449493438291,1.07152250662599,0.96147336826559,1.19416774307252
"APOE_excluded","forward_apoe_exclusion_sensitivity","rs2093380",311,0.0660027744463506,0.0552849595289592,0.232530807073951,-0.0423557462304094,0.174361295123111,1.06822968090782,0.958528726930463,1.19048560477333
"APOE_excluded","forward_apoe_exclusion_sensitivity","rs2184540",311,0.0691656455188362,0.0551940453192506,0.210156214272905,-0.039014683306895,0.177345974344567,1.07161370245519,0.961736587569224,1.19404413030825
"APOE_excluded","forward_apoe_exclusion_sensitivity","rs2209098",311,0.0635915023237784,0.0552053933786113,0.249359118341587,-0.0446110686982998,0.171794073345857,1.06565699143147,0.956369371493208,1.18743328387199
"APOE_excluded","forward_apoe_exclusion_sensitivity","rs2226376",311,0.066858955292176,0.0552835233543411,0.22651572303773,-0.0414967504823325,0.175214661066685,1.06914467034188,0.959352452769152,1.1915019582438
"APOE_excluded","forward_apoe_exclusion_sensitivity","rs2228445",311,0.0780227894170703,0.054923788095204,0.155443374059667,-0.0296278352495294,0.18567341408367,1.081147297106,0.970806766383241,1.20402897725394
"APOE_excluded","forward_apoe_exclusion_sensitivity","rs2243314",311,0.066874609275719,0.0553702112814949,0.227134846212165,-0.0416510048360109,0.175400223387449,1.06916140684595,0.959204479889624,1.19172307662736
"APOE_excluded","forward_apoe_exclusion_sensitivity","rs2293767",311,0.0592996438348577,0.0552155349305061,0.282837622934687,-0.0489228046289344,0.16752209229865,1.06109314312758,0.95225463651129,1.18237141119872
"APOE_excluded","forward_apoe_exclusion_sensitivity","rs2294915",311,0.0703299807000834,0.0553322416936837,0.203711279982366,-0.0381212130195366,0.178781174419703,1.07286214665237,0.962596254620778,1.19575905286791
"APOE_excluded","forward_apoe_exclusion_sensitivity","rs2303937",311,0.0648481362741621,0.0552083975632782,0.240152227709014,-0.0433603229498631,0.173056595498187,1.06699697394379,0.957566294785863,1.18893339145756
"APOE_excluded","forward_apoe_exclusion_sensitivity","rs241812",311,0.0659750041720352,0.055261013938503,0.232525019237147,-0.0423365831474307,0.174286591491501,1.06820001628845,0.958547095471993,1.19039667449703
"APOE_excluded","forward_apoe_exclusion_sensitivity","rs2426160",311,0.06966862622299,0.0552404220929655,0.20724067266527,-0.0386026010792223,0.177939853525202,1.07215283904612,0.962132983792974,1.19475345886489
"APOE_excluded","forward_apoe_exclusion_sensitivity","rs2449749",311,0.0657063347978219,0.0552425582720049,0.234276348732358,-0.0425690794153078,0.173981749010952,1.06791306220815,0.958324262754603,1.19003384632747
"APOE_excluded","forward_apoe_exclusion_sensitivity","rs2469076",311,0.0669595769205183,0.0552876604591704,0.225852289643769,-0.0414042375794557,0.175323391420492,1.06925225483211,0.959441209354941,1.19163151771668
"APOE_excluded","forward_apoe_exclusion_sensitivity","rs2519093",311,0.085363105450162,0.0559253028226798,0.126915959958583,-0.0242504880822903,0.194976698982614,1.08911245757895,0.976041192448319,1.21528266883722
"APOE_excluded","forward_apoe_exclusion_sensitivity","rs2541119",311,0.0676807052108252,0.0552960611390986,0.220963645447795,-0.0406995746218081,0.176060985043458,1.07002360096888,0.960117530296386,1.19251078175499
"APOE_excluded","forward_apoe_exclusion_sensitivity","rs2542404",311,0.0685299881328871,0.0552335112479731,0.214704747054551,-0.0397276939131402,0.176787670178914,1.07093273974276,0.961051103589588,1.19337767655559
"APOE_excluded","forward_apoe_exclusion_sensitivity","rs2561566",311,0.0688762094906155,0.0552872269780903,0.212841933571201,-0.0394867553864415,0.177239174367673,1.0713035837233,0.961282685723977,1.19391661323226
"APOE_excluded","forward_apoe_exclusion_sensitivity","rs2576161",311,0.0659456794170259,0.0552649716865159,0.232766150882608,-0.0423736650885453,0.174265023922597,1.06816869204396,0.95851155134407,1.19037100081159
"APOE_excluded","forward_apoe_exclusion_sensitivity","rs258753",311,0.0654578627840684,0.0552585557812344,0.236185819422343,-0.0428489065471511,0.173764632115288,1.06764774866193,0.95805613514122,1.18977549791993
"APOE_excluded","forward_apoe_exclusion_sensitivity","rs2613522",311,0.0669575024832675,0.0553115637411018,0.226067299942722,-0.041453162449292,0.175368167415827,1.06925003673771,0.959394269966919,1.19168487539852
"APOE_excluded","forward_apoe_exclusion_sensitivity","rs2760537",311,0.067808181827637,0.0552963407109329,0.220097507950218,-0.0405726459657916,0.176189009621066,1.07016001265191,0.960239404458622,1.19266346221733
"APOE_excluded","forward_apoe_exclusion_sensitivity","rs2823139",311,0.0694910788276769,0.0554037158549149,0.209744801467395,-0.0391002042479563,0.17808236190331,1.07196249799994,0.961654342468091,1.19492373337503
"APOE_excluded","forward_apoe_exclusion_sensitivity","rs2834287",311,0.0669513186414831,0.0553245600731403,0.226219243973891,-0.0414848191018719,0.175387456384838,1.06924342468509,0.959363899236548,1.19170786199285
"APOE_excluded","forward_apoe_exclusion_sensitivity","rs2835435",311,0.0666899430050752,0.0554139605552356,0.228788185253642,-0.0419214196831865,0.175301305693337,1.06896398702518,0.958945131824149,1.19160519995874
"APOE_excluded","forward_apoe_exclusion_sensitivity","rs28418580",311,0.0653587421100585,0.0552635657561573,0.236938661134039,-0.0429578467720098,0.173675330992127,1.06754192794208,0.957951769975316,1.18966925437556
"APOE_excluded","forward_apoe_exclusion_sensitivity","rs28606370",311,0.0636615050912082,0.05510167415685,0.247948719209333,-0.0443377762562177,0.171660786438634,1.06573159298113,0.956630775732551,1.18727502510919
"APOE_excluded","forward_apoe_exclusion_sensitivity","rs2870238",311,0.0697128183073357,0.05535363944132,0.207882988535411,-0.0387803149976514,0.178205951612323,1.07220022076175,0.96196201456263,1.19507142277779
"APOE_excluded","forward_apoe_exclusion_sensitivity","rs2871974",311,0.0656119051468745,0.0552498826208476,0.235011409863661,-0.0426778647899868,0.173901675083736,1.06781222431156,0.958220016760937,1.18993855945892
"APOE_excluded","forward_apoe_exclusion_sensitivity","rs290671",311,0.0650765636960304,0.0552117709885355,0.238528844166244,-0.0431385074414992,0.17329163483356,1.06724073315127,0.95777872139922,1.18921287041468
"APOE_excluded","forward_apoe_exclusion_sensitivity","rs2934849",311,0.0634836288900895,0.0550573915053361,0.248892071911639,-0.0444288584603693,0.171396116240548,1.0655420415528,0.956543647660906,1.18696083037394
"APOE_excluded","forward_apoe_exclusion_sensitivity","rs2943637",311,0.0639301162681245,0.0551851076610224,0.24667358381015,-0.0442326947474794,0.172092927283728,1.06601789884935,0.956731305219573,1.18778820601713
"APOE_excluded","forward_apoe_exclusion_sensitivity","rs2946844",311,0.0619586304802916,0.0549402256856618,0.259427122251169,-0.0457242118636056,0.169641472824189,1.06391833002728,0.955305387756799,1.18487996349101
"APOE_excluded","forward_apoe_exclusion_sensitivity","rs2950015",311,0.0730801597262383,0.0551720455106075,0.185308257342885,-0.0350570494745524,0.181217368927029,1.07581677063624,0.965550330547264,1.19867570582902
"APOE_excluded","forward_apoe_exclusion_sensitivity","rs2970870",311,0.0601364684917098,0.054295683311679,0.268045985751162,-0.046283070799181,0.166556007782601,1.06198146366539,0.954771655958931,1.18122969207352
"APOE_excluded","forward_apoe_exclusion_sensitivity","rs3012053",311,0.0665996273053246,0.0553008580007664,0.228468029345275,-0.0417900543761776,0.174989308986827,1.06886744715428,0.959071112220341,1.19123348105144
"APOE_excluded","forward_apoe_exclusion_sensitivity","rs3112629",311,0.0672360704678456,0.0552775540514563,0.223857011748313,-0.0411079354730088,0.1755800764087,1.06954793705627,0.959725535927486,1.19193743089874
"APOE_excluded","forward_apoe_exclusion_sensitivity","rs3132136",311,0.066244131749618,0.0552303735180413,0.230366665051152,-0.042007400345743,0.174495663844979,1.06848753705936,0.958862684630842,1.19064557955001
"APOE_excluded","forward_apoe_exclusion_sensitivity","rs3184504",311,0.0599797665476253,0.0561287572016091,0.28524531764269,-0.0500325975675285,0.169992130662779,1.06181506214352,0.951198417240697,1.18529552379348
"APOE_excluded","forward_apoe_exclusion_sensitivity","rs3213545",311,0.0682114920612903,0.0553480320810771,0.217795806443492,-0.0402706508176208,0.176693634940201,1.07059170618401,0.96052943589169,1.19326546227703
"APOE_excluded","forward_apoe_exclusion_sensitivity","rs332362",311,0.0659752878824201,0.0552651655736951,0.232558100425983,-0.0423444366420222,0.174295012406863,1.06820031934793,0.958539567557123,1.19040669876888
"APOE_excluded","forward_apoe_exclusion_sensitivity","rs333947",311,0.0664838419485986,0.0552830543581471,0.229128060833311,-0.0418709445933697,0.174838628490567,1.0687436951201,0.958993535887396,1.19105399892192
"APOE_excluded","forward_apoe_exclusion_sensitivity","rs339995",311,0.0718091702279819,0.054972011459214,0.191455308420003,-0.0359359722320776,0.179554312688041,1.07445028739559,0.964702059225303,1.19668389742169
"APOE_excluded","forward_apoe_exclusion_sensitivity","rs34235720",311,0.068514628825605,0.0552169908238867,0.214670362300752,-0.0397106731892128,0.176739930840423,1.07091629108405,0.961067461514313,1.1933207068546
"APOE_excluded","forward_apoe_exclusion_sensitivity","rs34618120",311,0.0678874686834969,0.0552611221995926,0.219264895916218,-0.0404243308277045,0.176199268194698,1.07024486563839,0.960381833060389,1.19267569730603
"APOE_excluded","forward_apoe_exclusion_sensitivity","rs34952318",311,0.0682100978904,0.0552838702287333,0.217271649477198,-0.0401462877579173,0.176566483538717,1.07059021359726,0.960648897699437,1.1931137465468
"APOE_excluded","forward_apoe_exclusion_sensitivity","rs35124400",311,0.070304969558693,0.0553460416168673,0.203984910931526,-0.0381732720103669,0.178783211127753,1.0728353134811,0.962546144135547,1.19576148828248
"APOE_excluded","forward_apoe_exclusion_sensitivity","rs35219107",311,0.0675808812180461,0.0552758778778846,0.221476759725324,-0.0407598394226076,0.1759216018587,1.06991679227179,0.960059670748143,1.19234457738768
"APOE_excluded","forward_apoe_exclusion_sensitivity","rs35240997",311,0.0688060337320972,0.0553912996635533,0.214169696817302,-0.0397609136084673,0.177372981072662,1.07122840681953,0.96101917829501,1.19407637796886
"APOE_excluded","forward_apoe_exclusion_sensitivity","rs35593442",311,0.0665274070813264,0.0553161412755649,0.229101643925947,-0.0418922298187809,0.174947043981434,1.06879025609524,0.958973123711057,1.19118313462589
"APOE_excluded","forward_apoe_exclusion_sensitivity","rs35679500",311,0.0679684761727661,0.0553311412455884,0.219298866864366,-0.0404805606685871,0.176417513014119,1.07033156699955,0.960327832460966,1.19293602100434
"APOE_excluded","forward_apoe_exclusion_sensitivity","rs357282",311,0.0636845011688369,0.0552231855554392,0.248819954380508,-0.044552942519824,0.171921944857498,1.06575610090936,0.956424963205636,1.18758513246932
"APOE_excluded","forward_apoe_exclusion_sensitivity","rs36020935",311,0.0685224225103434,0.0551140217025599,0.213762923022471,-0.0395010600266741,0.176545905047361,1.07092463750053,0.961268935019346,1.19308919431851
"APOE_excluded","forward_apoe_exclusion_sensitivity","rs36065733",311,0.0695927661772485,0.0554243046326494,0.209247881219791,-0.0390388709027443,0.178224403257241,1.07207150856761,0.961713325754655,1.19509347401477
"APOE_excluded","forward_apoe_exclusion_sensitivity","rs36219252",311,0.0734072005552125,0.0559114024451264,0.189209894400709,-0.0361791482372353,0.18299354934766,1.07616866418337,0.964467495353682,1.20080666206954
"APOE_excluded","forward_apoe_exclusion_sensitivity","rs368417629",311,0.0698083884435442,0.0556150966645895,0.209404083145045,-0.0391972010190513,0.17881397790614,1.0723026959796,0.961561069625618,1.19579827857715
"APOE_excluded","forward_apoe_exclusion_sensitivity","rs3740689",311,0.0662332025505171,0.0553048762234085,0.2310721930889,-0.0421643548473635,0.174630759948398,1.06847585941014,0.95871219862609,1.19080644199406
"APOE_excluded","forward_apoe_exclusion_sensitivity","rs3741414",311,0.0661022363631237,0.0553236482518534,0.232154292087909,-0.0423321142105089,0.174536586936756,1.06833593436344,0.958551379168071,1.19069430544534
"APOE_excluded","forward_apoe_exclusion_sensitivity","rs3754140",311,0.0606067645643622,0.0553947338196284,0.273915980908036,-0.0479669137221094,0.169180442850834,1.06248102683908,0.953165323248555,1.18433382421598
"APOE_excluded","forward_apoe_exclusion_sensitivity","rs3772219",311,0.072349802601173,0.0551905644466949,0.189888540737542,-0.035823703714349,0.180523308916695,1.07503132705461,0.964810370975428,1.19784404160207
"APOE_excluded","forward_apoe_exclusion_sensitivity","rs3777891",311,0.06817095105923,0.0552298751620193,0.217086306001952,-0.0400796042583279,0.176421506376788,1.07054830420323,0.960712959265713,1.19294078484002
"APOE_excluded","forward_apoe_exclusion_sensitivity","rs3780474",311,0.0655426218115763,0.0553084864474183,0.236002682594309,-0.0428620116253635,0.173947255248516,1.06773824528198,0.958043579822907,1.18999279829063
"APOE_excluded","forward_apoe_exclusion_sensitivity","rs3791020",311,0.0657391566318504,0.0552614784479207,0.234202920980172,-0.0425733411260742,0.174051654389775,1.06794811364866,0.958320178662477,1.19011703900208
"APOE_excluded","forward_apoe_exclusion_sensitivity","rs3807997",311,0.0645885433185409,0.0551425610309554,0.241477762690851,-0.0434908763021317,0.172667962939213,1.06672002499424,0.957441289456169,1.188471423005
"APOE_excluded","forward_apoe_exclusion_sensitivity","rs3809627",311,0.0634603904562497,0.0552549181979484,0.250761340090995,-0.0448392492117292,0.171760030124228,1.06551728031227,0.956151171534429,1.18739286050561
"APOE_excluded","forward_apoe_exclusion_sensitivity","rs3811444",311,0.0661364731480303,0.0553578980744159,0.232201492582881,-0.042365007077825,0.174637953373885,1.06837251137717,0.958519850183283,1.19081500800228
"APOE_excluded","forward_apoe_exclusion_sensitivity","rs3814570",311,0.0670917715388688,0.0552868507451083,0.224930572028644,-0.0412704559215435,0.175453998999281,1.06939361356909,0.959569573576796,1.19178716398809
"APOE_excluded","forward_apoe_exclusion_sensitivity","rs3859158",311,0.065039115007624,0.0552232259912435,0.238896571746119,-0.0431984079352132,0.173276637950461,1.06720076713395,0.957721351699194,1.18919503606201
"APOE_excluded","forward_apoe_exclusion_sensitivity","rs3925798",311,0.066648670249664,0.0552844605155232,0.227987636564844,-0.0417088723607614,0.17500621286009,1.06891986884645,0.959148974706633,1.19125361768143
"APOE_excluded","forward_apoe_exclusion_sensitivity","rs3932815",311,0.0672358903635545,0.0553026339792542,0.224068367290063,-0.0411572722357837,0.175629052962893,1.06954774442611,0.959678187344413,1.19199580931649
"APOE_excluded","forward_apoe_exclusion_sensitivity","rs4074995",311,0.0669635858335261,0.0553976556742782,0.226747324479707,-0.0416158192880591,0.175542990955111,1.06925654137998,0.959238230618612,1.19189322817811
"APOE_excluded","forward_apoe_exclusion_sensitivity","rs41278174",311,0.0706785316654169,0.0551633916614179,0.200103093060287,-0.0374417159909622,0.178798779321796,1.07323615896665,0.963250558188999,1.19578010427427
"APOE_excluded","forward_apoe_exclusion_sensitivity","rs4233937",311,0.0674692422516704,0.055293504069212,0.222388322607623,-0.0409060257239851,0.175844510227326,1.06979735453407,0.959919333433721,1.19225266114208
"APOE_excluded","forward_apoe_exclusion_sensitivity","rs4240624",311,0.0669397851869818,0.0553539271063061,0.226545660344761,-0.0415539119413781,0.175433482315342,1.06923109268582,0.959297616350492,1.19176271271835
"APOE_excluded","forward_apoe_exclusion_sensitivity","rs4322206",311,0.0672674354696053,0.0552818935530366,0.223677377820513,-0.0410850758943464,0.175619946833557,1.06958148395529,0.959747475099628,1.1919849548979
"APOE_excluded","forward_apoe_exclusion_sensitivity","rs4456287",311,0.0695694131075485,0.0551716744765825,0.207322354800403,-0.0385670688665531,0.17770589508165,1.07204647269928,0.962167171114142,1.19447396890101
"APOE_excluded","forward_apoe_exclusion_sensitivity","rs448182",311,0.0663009464099465,0.0552986658853788,0.230543091936681,-0.0420844387253958,0.174686331545289,1.06854824454036,0.958788818248618,1.19087261884839
"APOE_excluded","forward_apoe_exclusion_sensitivity","rs464605",311,0.0613795813895828,0.0550018309523567,0.264441295079382,-0.0464240072770364,0.169183170056202,1.06330244741604,0.954637103286497,1.18433705414195
"APOE_excluded","forward_apoe_exclusion_sensitivity","rs4660253",311,0.0650840190758475,0.0552946171028995,0.239179231140717,-0.0432934304458357,0.173461468597531,1.06724868986596,0.957630350935508,1.18941485606413
"APOE_excluded","forward_apoe_exclusion_sensitivity","rs4683603",311,0.0659080034243961,0.0552881302710321,0.233228962864489,-0.0424567319068269,0.174272738755619,1.06812844848631,0.958431934146033,1.19038018436052
"APOE_excluded","forward_apoe_exclusion_sensitivity","rs4760682",311,0.0709785345265661,0.0554422769183792,0.200466361205506,-0.0376883282334571,0.179645397286589,1.07355818118641,0.963013038097645,1.19679290185831
"APOE_excluded","forward_apoe_exclusion_sensitivity","rs4837834",311,0.0677431103506832,0.0552645754033764,0.220275351497977,-0.0405754574399345,0.176061678141301,1.07009037802494,0.960236704774161,1.19251160828192
"APOE_excluded","forward_apoe_exclusion_sensitivity","rs4886755",311,0.0679175073545292,0.0555038224502571,0.221082555102582,-0.0408699846479746,0.176704999357033,1.0702770148547,0.959953930582837,1.19327902312019
"APOE_excluded","forward_apoe_exclusion_sensitivity","rs4895441",311,0.0643774715553602,0.0557368556207223,0.248080116290057,-0.0448667654612554,0.173621708571976,1.06649489427795,0.956124862202177,1.1896054631413
"APOE_excluded","forward_apoe_exclusion_sensitivity","rs4899258",311,0.0671294136586048,0.0552989610208837,0.22477206697279,-0.0412565499423272,0.175515377259537,1.06943386856917,0.959582917424122,1.19186031605576
"APOE_excluded","forward_apoe_exclusion_sensitivity","rs4925184",311,0.0648895486340619,0.0551767471904371,0.239582608326895,-0.0432568758591948,0.173035973127319,1.06704116172144,0.957665357356959,1.18890887308504
"APOE_excluded","forward_apoe_exclusion_sensitivity","rs4985717",311,0.068685565954128,0.0551832892780012,0.21324920421011,-0.0394736810307544,0.17684481293901,1.07109936608645,0.961295253957887,1.19344587139827
"APOE_excluded","forward_apoe_exclusion_sensitivity","rs5369",311,0.0673225383064869,0.0552936410145818,0.223396636070919,-0.0410529980820935,0.175698074695067,1.06964042255316,0.959778262192733,1.19207808577139
"APOE_excluded","forward_apoe_exclusion_sensitivity","rs55675467",311,0.0679171469170554,0.0552710665233026,0.219146391899207,-0.0404141434686177,0.176248437302728,1.07027662908682,0.960391616864818,1.19273434154797
"APOE_excluded","forward_apoe_exclusion_sensitivity","rs55731973",311,0.0638914330824392,0.0553070388415203,0.248003043497379,-0.0445103630469405,0.172293229211819,1.06597666267861,0.956465688143439,1.1880261461141
"APOE_excluded","forward_apoe_exclusion_sensitivity","rs55733296",311,0.063763897776304,0.0554168142857087,0.249887094233449,-0.044853058223685,0.172380853776293,1.06584072168742,0.956137968122633,1.18813025094874
"APOE_excluded","forward_apoe_exclusion_sensitivity","rs55781197",311,0.0620183480791046,0.0552594808774202,0.261730039731087,-0.0462902344406391,0.170326930598848,1.06398186657239,0.954764816341612,1.18569242709696
"APOE_excluded","forward_apoe_exclusion_sensitivity","rs55971447",311,0.060833687406088,0.0550009451514393,0.268705728146526,-0.046968165090733,0.168635539902909,1.06272215541072,0.954117771359577,1.18368865301764
"APOE_excluded","forward_apoe_exclusion_sensitivity","rs56011044",311,0.0681431656879651,0.0553478726729954,0.218255740328374,-0.040338664751106,0.176624996127036,1.07051855903439,0.96046410872813,1.19318356076276
"APOE_excluded","forward_apoe_exclusion_sensitivity","rs56085610",311,0.067518580241027,0.055381636777158,0.222786869551725,-0.0410294278422028,0.176066588324257,1.06985013748665,0.959800884663222,1.19251746374647
"APOE_excluded","forward_apoe_exclusion_sensitivity","rs56262900",311,0.0673316180040645,0.0552848266278163,0.223260411211246,-0.0410266421864554,0.175689878194584,1.06965013460881,0.959803558341797,1.19206831494283
"APOE_excluded","forward_apoe_exclusion_sensitivity","rs56316046",311,0.0707003778738,0.0553268313668657,0.201296033189714,-0.0377402116052567,0.179140967352857,1.07325960536353,0.962963075030279,1.19618935593025
"APOE_excluded","forward_apoe_exclusion_sensitivity","rs564640",311,0.0615883096624384,0.0547498137689104,0.260629522073992,-0.0457213253246259,0.168897944649503,1.06352441186373,0.955308145287018,1.18399929929443
"APOE_excluded","forward_apoe_exclusion_sensitivity","rs565728",311,0.0670283511627773,0.0552942612829699,0.225431349156252,-0.0413484009518438,0.175405103277398,1.06932579437451,0.95949478281213,1.19172889211901
"APOE_excluded","forward_apoe_exclusion_sensitivity","rs5751348",311,0.0693851742534658,0.0553773173859036,0.210222823028228,-0.0391543678229054,0.177924716329837,1.07184897827926,0.961602257241612,1.19473537378524
"APOE_excluded","forward_apoe_exclusion_sensitivity","rs5754100",311,0.0705031047623779,0.0550871814536272,0.200599328259837,-0.0374677708867313,0.178473980411487,1.07304790098429,0.963225461123058,1.19539177926662
"APOE_excluded","forward_apoe_exclusion_sensitivity","rs58030780",311,0.0662625962534072,0.0552717700009127,0.230586031809378,-0.0420700729483817,0.174595265455196,1.06850726633368,0.958802592093921,1.19076417567302
"APOE_excluded","forward_apoe_exclusion_sensitivity","rs58365266",311,0.0659804911480029,0.0552793595270455,0.232641216602104,-0.0423670535250062,0.174328035821012,1.06820587749235,0.958517888625044,1.1904460107114
"APOE_excluded","forward_apoe_exclusion_sensitivity","rs58542926",311,0.0686421225478613,0.0552498848336737,0.214091247449773,-0.039647651726139,0.176931896821862,1.07105283489228,0.961128031300429,1.19354980582417
"APOE_excluded","forward_apoe_exclusion_sensitivity","rs59271985",311,0.064984759068875,0.0551353146098591,0.238541037501911,-0.0430804575664488,0.173049975704199,1.06714276001094,0.95783432194811,1.1889255209895
"APOE_excluded","forward_apoe_exclusion_sensitivity","rs5995385",311,0.0673477698324615,0.0553575578462112,0.223758058996461,-0.0411530435461124,0.175848583211035,1.06966741155375,0.959682245534232,1.19225751717764
"APOE_excluded","forward_apoe_exclusion_sensitivity","rs6016505",311,0.0619134857925858,0.0548158975227462,0.258695202939581,-0.0455256733519968,0.169352644937168,1.06387030085067,0.955495071495757,1.18453778653229
"APOE_excluded","forward_apoe_exclusion_sensitivity","rs60235509",311,0.0693609914754788,0.0551224876375165,0.208280885524164,-0.0386790842940535,0.177401067245011,1.07182305830679,0.962059399583292,1.19410991547478
"APOE_excluded","forward_apoe_exclusion_sensitivity","rs6108787",311,0.0681941041498153,0.0552355225456754,0.216977197805826,-0.0400675200397085,0.176455728339339,1.07057309099204,0.960724568801289,1.19298161031344
"APOE_excluded","forward_apoe_exclusion_sensitivity","rs61880662",311,0.0646425346130282,0.0552523637791418,0.242020860544801,-0.0436520983940897,0.172937167620146,1.06677762014405,0.957286941211064,1.18879140814404
"APOE_excluded","forward_apoe_exclusion_sensitivity","rs62022865",311,0.0677814026988822,0.0552709104755808,0.220067526430409,-0.0405495818332561,0.176112387231021,1.07013135508285,0.960261551802916,1.1925720809933
"APOE_excluded","forward_apoe_exclusion_sensitivity","rs62311296",311,0.0669772219154919,0.0552978970738712,0.225815928924666,-0.0414066563492957,0.17536110018028,1.06927112194923,0.959438888690287,1.19167645351057
"APOE_excluded","forward_apoe_exclusion_sensitivity","rs62398471",311,0.0669304005161255,0.0552925145217928,0.226095332565096,-0.0414429279465884,0.175303728978839,1.06922105835103,0.959404088940415,1.19160808756184
"APOE_excluded","forward_apoe_exclusion_sensitivity","rs62435145",311,0.0696192306666738,0.0554825482195655,0.20955314513429,-0.0391265638436746,0.178365025177022,1.07209988076814,0.961628993982492,1.19526154217016
"APOE_excluded","forward_apoe_exclusion_sensitivity","rs6415788",311,0.0659787106513495,0.0553532476587543,0.233277967182435,-0.0425136547598089,0.174471076062508,1.06820397555705,0.958377379018684,1.19061630457541
"APOE_excluded","forward_apoe_exclusion_sensitivity","rs6428637",311,0.0660633678867289,0.0552803205486552,0.232063108036359,-0.0422860603886354,0.174412796162093,1.06829441058038,0.958595525139081,1.1905469175977
"APOE_excluded","forward_apoe_exclusion_sensitivity","rs643381",311,0.0671098378679214,0.0553117477900648,0.225014491510183,-0.0413011878006056,0.175520863536448,1.06941293376052,0.959540084653836,1.19186685494943
"APOE_excluded","forward_apoe_exclusion_sensitivity","rs643884",311,0.0706079677613327,0.0551556556026506,0.200489484511398,-0.0374971172198625,0.178713052742528,1.07316042990517,0.96319719440256,1.19567759853017
"APOE_excluded","forward_apoe_exclusion_sensitivity","rs6465351",311,0.0670640684311358,0.055325626016814,0.22544728264944,-0.0413741585618196,0.175502295424091,1.06936398845296,0.959470068838028,1.19184472443722
"APOE_excluded","forward_apoe_exclusion_sensitivity","rs6474401",311,0.0629945930086403,0.0553020741070707,0.254661444548471,-0.0453974722412183,0.171386658258499,1.06502108065596,0.955617574877633,1.1869496041728
"APOE_excluded","forward_apoe_exclusion_sensitivity","rs6602909",311,0.0677575858753587,0.0553376376326586,0.220786499784167,-0.0407041838846521,0.17621935563537,1.07010586825673,0.960113104872527,1.19269965534897
"APOE_excluded","forward_apoe_exclusion_sensitivity","rs66514362",311,0.0637746582036543,0.0551167567036666,0.247238481072635,-0.0442541849355323,0.171803501342841,1.06585219065078,0.956710745104829,1.18744447904218
"APOE_excluded","forward_apoe_exclusion_sensitivity","rs66530629",311,0.0656358302929601,0.0552912088836639,0.235190773200141,-0.0427349391190211,0.174006599704941,1.06783777218064,0.958165328557075,1.19006341986188
"APOE_excluded","forward_apoe_exclusion_sensitivity","rs6679233",311,0.0651930420721678,0.055226771412628,0.237816968666179,-0.0430514298965832,0.173437514040919,1.06736505085884,0.957862126050136,1.18938636449988
"APOE_excluded","forward_apoe_exclusion_sensitivity","rs6690625",311,0.0667564831105952,0.0553213053031541,0.227545860614198,-0.0416732752835868,0.175186241504777,1.06903511836819,0.959183118214408,1.19146809676131
"APOE_excluded","forward_apoe_exclusion_sensitivity","rs6702992",311,0.0674751372969269,0.0552796002547274,0.222231632177327,-0.0408728792023388,0.175823153796193,1.06980366105648,0.959951151948019,1.19222719915212
"APOE_excluded","forward_apoe_exclusion_sensitivity","rs6733795",311,0.0669734734158006,0.0552832749393774,0.225719175689525,-0.0413817454653791,0.17532869229698,1.06926711379427,0.959462789458762,1.19163783442492
"APOE_excluded","forward_apoe_exclusion_sensitivity","rs6775517",311,0.0636135283657062,0.0552043168293839,0.249185955369596,-0.0445869326198862,0.171813989351299,1.06568046389555,0.95639245477792,1.18745693303523
"APOE_excluded","forward_apoe_exclusion_sensitivity","rs6864465",311,0.0653872154775733,0.0552493887264422,0.236614172808083,-0.0429015864262535,0.1736760173814,1.06757232488848,0.958005666189209,1.18967007095206
"APOE_excluded","forward_apoe_exclusion_sensitivity","rs6967414",311,0.0651974021613179,0.0552385507106396,0.237885663159675,-0.0430701572315357,0.173464961554171,1.06736970467576,0.95784418801323,1.18941901064591
"APOE_excluded","forward_apoe_exclusion_sensitivity","rs6972333",311,0.0685679774601288,0.055209723302145,0.214253262137429,-0.0396430802120753,0.176779035132333,1.07097342452985,0.961132425120784,1.19336737172826
"APOE_excluded","forward_apoe_exclusion_sensitivity","rs7004509",311,0.0683975211310174,0.055307972696547,0.216210892876822,-0.0400061053542147,0.176801147616249,1.07079088588921,0.960783573210378,1.19339376033683
"APOE_excluded","forward_apoe_exclusion_sensitivity","rs7032549",311,0.0676369487852834,0.0553088029263292,0.221368741052853,-0.0407683049503219,0.176042202520889,1.06997678158519,0.960051543370794,1.19248838360466
"APOE_excluded","forward_apoe_exclusion_sensitivity","rs71450364",311,0.0667750647649994,0.0553149974328007,0.227363484143327,-0.04164233020329,0.175192459733289,1.06905498299387,0.959212800672281,1.19147550560523
"APOE_excluded","forward_apoe_exclusion_sensitivity","rs71518321",311,0.0686093170445621,0.0553287833083304,0.21496452621199,-0.0398350982397654,0.17705373232889,1.0710176990413,0.960947888085949,1.19369523142874
"APOE_excluded","forward_apoe_exclusion_sensitivity","rs715880",311,0.0655247931003104,0.055255464935482,0.235680826891568,-0.0427759181732344,0.173825504373855,1.06771920905479,0.958126064652635,1.18984792444604
"APOE_excluded","forward_apoe_exclusion_sensitivity","rs7182622",311,0.0633988283738764,0.0547691745552193,0.247041980708259,-0.0439487537543533,0.170746410502106,1.06545168686875,0.957002999027211,1.18618990557539
"APOE_excluded","forward_apoe_exclusion_sensitivity","rs7244849",311,0.066502898758739,0.0552850792215193,0.229011681406453,-0.0418558565154388,0.174861654032917,1.06876406215985,0.959008005365759,1.19108142390195
"APOE_excluded","forward_apoe_exclusion_sensitivity","rs72717436",311,0.0659950078697538,0.0553087985792231,0.23278716532157,-0.0424102373455235,0.174400253085031,1.0682213844524,0.958476497054309,1.19053198456962
"APOE_excluded","forward_apoe_exclusion_sensitivity","rs72730598",311,0.0657226137458549,0.0553267494712252,0.234873037260569,-0.0427178152177465,0.174163042709456,1.0679304468509,0.958181736226047,1.19024961152266
"APOE_excluded","forward_apoe_exclusion_sensitivity","rs72752884",311,0.0651563273778795,0.0553886304796118,0.239455678425668,-0.0434053883621596,0.173718043117919,1.06732586359668,0.957523142638329,1.1897200687636
"APOE_excluded","forward_apoe_exclusion_sensitivity","rs73245347",311,0.065309104251438,0.0552171172323947,0.236900639831302,-0.0429164455240557,0.173534654026932,1.06748893876193,0.957991431195079,1.1895019070865
"APOE_excluded","forward_apoe_exclusion_sensitivity","rs743590",311,0.0661331134827765,0.0552761091159186,0.231535021829439,-0.0422080603844239,0.174474287349977,1.06836892200919,0.958670298510203,1.19062012799277
"APOE_excluded","forward_apoe_exclusion_sensitivity","rs74417235",311,0.0626789544466615,0.0551788043595418,0.255988173548213,-0.0454715020980404,0.170829410991363,1.0646849719808,0.955546833263916,1.1862883640039
"APOE_excluded","forward_apoe_exclusion_sensitivity","rs74626145",311,0.0682368315869628,0.0552646352714096,0.216931488674543,-0.040081853545,0.176555516718926,1.07061883481375,0.960710798349288,1.1931006619551
"APOE_excluded","forward_apoe_exclusion_sensitivity","rs7464181",311,0.0677173855815674,0.0552742561806296,0.220531449778541,-0.0406201565324667,0.176054927695601,1.07006285055111,0.960193784024108,1.19250355832424
"APOE_excluded","forward_apoe_exclusion_sensitivity","rs747578",311,0.0665512515061571,0.0552947806644682,0.228755034895808,-0.0418265185962005,0.174929021608515,1.06881574108799,0.959036141077889,1.19116166687268
"APOE_excluded","forward_apoe_exclusion_sensitivity","rs752590",311,0.0671187977539447,0.0554114993249759,0.225788409522273,-0.041487740923008,0.175725336430897,1.06942251562144,0.959361096150925,1.19211058433224
"APOE_excluded","forward_apoe_exclusion_sensitivity","rs7550758",311,0.0664777898877128,0.0552998368265821,0.229311784474818,-0.0419098902923881,0.174865470067814,1.06873722703776,0.958956187941063,1.1910859691189
"APOE_excluded","forward_apoe_exclusion_sensitivity","rs75792643",311,0.0647316061966388,0.0554062912122554,0.242682601068483,-0.0438647245793818,0.173327936972659,1.06687264394793,0.957083418578411,1.18925604216933
"APOE_excluded","forward_apoe_exclusion_sensitivity","rs7647352",311,0.0717533798659171,0.0546457785948056,0.189161535970954,-0.0353523461799018,0.178859105911736,1.07439034509715,0.965265248809725,1.19585224378622
"APOE_excluded","forward_apoe_exclusion_sensitivity","rs7676376",311,0.0666427447433301,0.0552821536705243,0.228009580856223,-0.0417102764508976,0.174995765937558,1.06891353497376,0.959147627975963,1.19124117281217
"APOE_excluded","forward_apoe_exclusion_sensitivity","rs7697279",311,0.0685959051093884,0.0552318861126293,0.214250573624301,-0.039658591671365,0.176850401890142,1.07100333471768,0.961117516669926,1.19345254152756
"APOE_excluded","forward_apoe_exclusion_sensitivity","rs7701575",311,0.0666592493875522,0.0552892979524313,0.227954513573811,-0.0417077745992131,0.175026273374318,1.06893117715695,0.959150027624074,1.19127751508127
"APOE_excluded","forward_apoe_exclusion_sensitivity","rs77486408",311,0.0667350481410001,0.0552872137225532,0.227408592578896,-0.0416278907552041,0.175097987037204,1.06901220387852,0.959226651275717,1.19136294901874
"APOE_excluded","forward_apoe_exclusion_sensitivity","rs77541036",311,0.067678010579,0.055297349444318,0.220992787880178,-0.0407047943318633,0.176060815489863,1.07002071765312,0.960112518774338,1.19251057956051
"APOE_excluded","forward_apoe_exclusion_sensitivity","rs77542162",311,0.0623882284972056,0.0549150579191399,0.255920573609644,-0.0452452850243086,0.17002174201872,1.06437548542152,0.95576301872385,1.18533062252079
"APOE_excluded","forward_apoe_exclusion_sensitivity","rs7766720",311,0.0657772210073905,0.0552475001553115,0.233813869779768,-0.0425078792970201,0.174062321311801,1.0679887652004,0.958382914107558,1.19012973395544
"APOE_excluded","forward_apoe_exclusion_sensitivity","rs78622623",311,0.0685982943369479,0.055183567192598,0.213833643479909,-0.0395614973605442,0.17675808603444,1.07100589359142,0.961210840243346,1.19334237202023
"APOE_excluded","forward_apoe_exclusion_sensitivity","rs78839561",311,0.0681351866012729,0.0552549926716959,0.217536734970277,-0.0401645990352511,0.176434972237797,1.07051001730808,0.960631307152104,1.19295684892298
"APOE_excluded","forward_apoe_exclusion_sensitivity","rs791270",311,0.0702940240118706,0.0550803133712022,0.201881440348007,-0.0376633901956857,0.178251438219427,1.07282357077621,0.963037054052617,1.1951257837584
"APOE_excluded","forward_apoe_exclusion_sensitivity","rs7916396",311,0.0683617655016718,0.0552371824956797,0.215862880205974,-0.0399031121898604,0.176626643193204,1.07075259977166,0.960882532446818,1.19318552601665
"APOE_excluded","forward_apoe_exclusion_sensitivity","rs7931938",311,0.0692707278662826,0.0552275257375752,0.209740600220363,-0.0389752225793647,0.17751667831193,1.07172631605535,0.961774539143455,1.19424797577662
"APOE_excluded","forward_apoe_exclusion_sensitivity","rs797192",311,0.0663807040403763,0.0552936529061843,0.229940483387378,-0.041994855655745,0.174756263736497,1.0686334728151,0.958874713341419,1.19095590209213
"APOE_excluded","forward_apoe_exclusion_sensitivity","rs797343",311,0.0677228503774551,0.055304521194106,0.220746868662079,-0.0406740111629926,0.176119711917903,1.07006869824215,0.960142074535046,1.19258081624237
"APOE_excluded","forward_apoe_exclusion_sensitivity","rs8000803",311,0.0671167647662858,0.0552893414069406,0.224778775959629,-0.0412503443913178,0.175483873923889,1.06942034150088,0.95958887218334,1.19182276907161
"APOE_excluded","forward_apoe_exclusion_sensitivity","rs800881",311,0.0671014321454778,0.0553247369823451,0.22518147343065,-0.0413350523399187,0.175537916630874,1.06940394461,0.959507590821114,1.19188718014076
"APOE_excluded","forward_apoe_exclusion_sensitivity","rs8020977",311,0.061620921722685,0.0548697250758715,0.261420307843394,-0.0459237394260231,0.169165582871393,1.06355909615148,0.955114797016101,1.18431622517046
"APOE_excluded","forward_apoe_exclusion_sensitivity","rs8026198",311,0.0626954505848302,0.0548566330517308,0.253081591122394,-0.0448235501965621,0.170214451366222,1.06470253531607,0.956166182284,1.18555906882279
"APOE_excluded","forward_apoe_exclusion_sensitivity","rs80320191",311,0.0684459244015947,0.0552339619639397,0.215271449055481,-0.0398126410477272,0.176704489850917,1.07084271692457,0.960969468519528,1.19327841513739
"APOE_excluded","forward_apoe_exclusion_sensitivity","rs833805",311,0.0768343463029712,0.0553746248992443,0.165278047176519,-0.0316999184995477,0.18536861110549,1.07986317824768,0.968797256598387,1.20366204156024
"APOE_excluded","forward_apoe_exclusion_sensitivity","rs847821",311,0.0650068153069627,0.0552216717446454,0.23911667627802,-0.0432276613125423,0.173241291926468,1.06716629742531,0.957693335524902,1.18915300348858
"APOE_excluded","forward_apoe_exclusion_sensitivity","rs855791",311,0.0617699361274602,0.0572147579262538,0.280313462419403,-0.0503709894079971,0.173910861662918,1.06371759358605,0.950876593911901,1.18994949097393
"APOE_excluded","forward_apoe_exclusion_sensitivity","rs863678",311,0.0671671845919006,0.0553683520859014,0.225092717653592,-0.0413547854964661,0.175689154680267,1.06947426284734,0.95948865689443,1.19206745246465
"APOE_excluded","forward_apoe_exclusion_sensitivity","rs865483",311,0.0687734234954342,0.0552143200894967,0.212921484693612,-0.0394466438799793,0.176993490870848,1.07119347437725,0.961321244993968,1.19362332365348
"APOE_excluded","forward_apoe_exclusion_sensitivity","rs871841",311,0.0666485315570251,0.0553448032369194,0.228496091707922,-0.0418272827873369,0.175124345901387,1.06891972059514,0.959035408191251,1.19139435240679
"APOE_excluded","forward_apoe_exclusion_sensitivity","rs885506",311,0.0653085143930824,0.0552222180129808,0.236948187464943,-0.04292703291236,0.173544061698525,1.06748830909485,0.957981288621497,1.18951309758244
"APOE_excluded","forward_apoe_exclusion_sensitivity","rs8887",311,0.0670389442927094,0.0554259841423339,0.226462384324209,-0.0415959846262651,0.175673873211684,1.06933712194158,0.959257256973186,1.19204923606251
"APOE_excluded","forward_apoe_exclusion_sensitivity","rs909236",311,0.0682743845430887,0.0552308552465576,0.216397679278129,-0.0399780917401642,0.176526860826342,1.0706590404708,0.960810488607581,1.19306647308055
"APOE_excluded","forward_apoe_exclusion_sensitivity","rs9302635",311,0.0706414746306279,0.0551463255185273,0.200199833954436,-0.0374453233856856,0.178728272646941,1.07319638875386,0.963247083370286,1.19569579676742
"APOE_excluded","forward_apoe_exclusion_sensitivity","rs9303620",311,0.0680923569418549,0.0553079377062809,0.218266839344401,-0.0403112009624558,0.176495914846166,1.07046416871048,0.960490487073642,1.19302955304039
"APOE_excluded","forward_apoe_exclusion_sensitivity","rs9327454",311,0.0721946997070105,0.0547792062739112,0.187529890912941,-0.0351725445898554,0.179561944003877,1.07486459951477,0.965438820640056,1.19669302972931
"APOE_excluded","forward_apoe_exclusion_sensitivity","rs9370102",311,0.0656302877319541,0.0552451985437774,0.234840599231482,-0.0426503014138497,0.173910876877758,1.06783185364105,0.958246428903684,1.18994950907882
"APOE_excluded","forward_apoe_exclusion_sensitivity","rs9400888",311,0.0679240704518973,0.0552643718320268,0.219043601687798,-0.0403940983388752,0.17624223924267,1.07028403921001,0.96041086823233,1.1927269489318
"APOE_excluded","forward_apoe_exclusion_sensitivity","rs9403391",311,0.0659689222437211,0.055278643997413,0.232717085334306,-0.0423772199912084,0.174315064478651,1.06819351959228,0.95850814393486,1.19043056912878
"APOE_excluded","forward_apoe_exclusion_sensitivity","rs9456859",311,0.0663046897231079,0.0552939320730341,0.230476859484996,-0.042071417140039,0.174680796586255,1.06855224445856,0.958801303280342,1.19086602743547
"APOE_excluded","forward_apoe_exclusion_sensitivity","rs9633514",311,0.0685326995969125,0.0553371660643155,0.215546663904513,-0.0399281458891459,0.176993545082971,1.07093564354229,0.960858478303535,1.19362338836234
"APOE_excluded","forward_apoe_exclusion_sensitivity","rs9645770",311,0.0692100828639313,0.0551796879119376,0.209744834399875,-0.0389421054434664,0.177362271171329,1.07166132318116,0.961806390888988,1.19406358959715
"APOE_excluded","forward_apoe_exclusion_sensitivity","rs9690544",311,0.0655997678387917,0.0552959767171771,0.235488492874475,-0.0427803465268753,0.173979882204459,1.06779926402427,0.958121821740982,1.19003162476663
"APOE_excluded","forward_apoe_exclusion_sensitivity","rs972874",311,0.0694264141795242,0.0551711944881094,0.208253794924399,-0.0387091270171702,0.177561955376218,1.07189318216335,0.962030497133285,1.19430204904313
"APOE_excluded","forward_apoe_exclusion_sensitivity","rs9816588",311,0.0702994186804622,0.05522408298451,0.203023432778812,-0.0379397839691774,0.178538621330102,1.07282935831944,0.962770913388741,1.19546905298683
"APOE_excluded","forward_apoe_exclusion_sensitivity","rs9838674",311,0.0706766522960867,0.0548842917948221,0.197836773968235,-0.0368965596217645,0.178249864213938,1.07323414196142,0.963775823528793,1.19512390262533
"APOE_excluded","forward_apoe_exclusion_sensitivity","rs9861140",311,0.0649102942471984,0.0551746891626939,0.239414875784883,-0.0432320965116816,0.173052685006079,1.0670632983742,0.957689087973664,1.18892874215201
"APOE_excluded","forward_apoe_exclusion_sensitivity","rs9895661",311,0.0588398481399023,0.0551214228640325,0.285764706682991,-0.0491981406736014,0.166877836953406,1.06060536921519,0.951992482578027,1.18160990742477
"APOE_excluded","forward_apoe_exclusion_sensitivity","rs9953010",311,0.0651177215801469,0.0552140357084095,0.238251277204365,-0.0431017884083356,0.173337231568629,1.06728465942564,0.957813890753543,1.18926709587512
"APOE_excluded","forward_apoe_exclusion_sensitivity","rs999010",311,0.0623629875714243,0.0552685978709741,0.25916705437541,-0.0459634642556849,0.170689439398534,1.06434861993794,0.955076855997087,1.1861223289524
